Duration,ID,Material.set,LexTALE.set,Age,Sex,Race,Education,Mental.health.status,Mental.health.condition,socialization.current.clubs.organized.activities,socialization.current.organized.sports,socialization.current.in.person.socializing,socialization.current.online.socializing,socialization.current.media.consumption,socialization.current.solo.hobbies,socialization.teen1.clubs.organized.activities..teen,socialization.teen1.organized.sports..teen,socialization.teen1.in.person.socializing..teen,socialization.teen1.online.socializing..teen,socialization.teen1.media.consumption..teen,socialization.teen1.solo.hobbies..teen,socialization.teen2.As.a.teen..12.17...I.often.spent.a.lot.of.time.socializing.in.large.peer.groups..More.than.4.people....Answer,socialization.teen2.As.a.teen..12.17...I.would.often.spend.time.alone.instead.of.socializing.with.friends....Answer,socialization.teen2.Growing.up..I.found.socializing.hard.and.experienced.anxiety.when.interacting.with.my.peers...Answer,socialization.teen2.As.a.teen..12.17...I.would.often.come.straight.home.after.school.instead.of.engaging.in.extracurriculars.or.hanging.out.with.friends...Answer,Video.1.x,Video.2.x,Video.3.x,Video.4.x,Video.5.x,Video.6.x,Video.7.x,Video.8.x,Video.9.x,Video.10.x,Video.11.x,Video.12.x,Video.13.x,Video.14.x,Video.15.x,Video.16.x,Video.17.x,Video.18.x,Video.19.x,Video.20.x,Video.21.x,Video.22.x,Video.23.x,Video.24.x,Video.25.x,Video.26.x,Video.27.x,Video.28.x,Video.29.x,Video.30.x,lex.platery.x,lex.denial.x,lex.generic.x,lex.mensible.x,lex.scornful.x,lex.stoutly.x,lex.ablaze.x,lex.kermshaw.x,lex.moonlit.x,lex.lofty.x,lex.hurricane.x,lex.flaw.x,lex.alberation.x,lex.unkempt.x,lex.breeding.x,lex.festivity.x,lex.screech.x,lex.savoury.x,lex.plaudate.x,lex.shin.x,lex.fluid.x,lex.spaunch.x,lex.allied.x,lex.slain.x,lex.recipient.x,lex.exprate.x,lex.eloquence.x,lex.cleanliness.x,lex.dispatch.x,lex.rebondicate.x,lex.ingenious.x,lex.bewitch.x,lex.skave.x,lex.plaintively.x,lex.kilp.x,lex.interfate.x,lex.hasty.x,lex.lengthy.x,lex.fray.x,lex.crumper.x,lex.upkeep.x,lex.majestic.x,lex.magrity.x,lex.nourishment.x,lex.abergy.x,lex.proom.x,lex.turmoil.x,lex.carbohydrate.x,lex.scholar.x,lex.turtle.x,lex.fellick.x,lex.destription.x,lex.cylinder.x,lex.censorship.x,lex.celestial.x,lex.rascal.x,lex.purrage.x,lex.pulsh.x,lex.muddy.x,lex.quirty.x,lex.pudour.x,lex.listless.x,lex.wrought.x,X...Note.the.response.scale.for.the.following.section........EXAMPLE..I.enjoy.playing.sport.with.friends..Note..There.is.no.need.to.respond.to.this.item...it.is.an.example.only.,cati.reg.I.often.find.myself.fiddling.or.playing.repetitively.with.objects..e.g..clicking.pens.,cati.flx.I.like.to.stick.to.certain.routines.for.every.day.tasks,cati.cam.I.expend.a.lot.of.mental.energy.trying.to.fit.in.with.others,cati.sen.I.am.over.sensitive.to.bright.lighting,cati.flx.There.are.certain.activities.that.I.always.choose.to.do.the.same.way..every.time,cati.cam.Sometimes.I.watch.people.interacting.and.try.to.copy.them.when.I.need.to.socialise,cati.reg.I.often.rock.when.sitting.in.a.chair,cati.soc.I.generally.enjoy.social.events,cati.cam.I.look.for.strategies.and.ways.to.appear.more.sociable,cati.soc.In.social.situations..I.try.to.avoid.interactions.with.other.people,cati.sen.There.are.times.when.I.feel.that.my.senses.are.overloaded,cati.reg.There.are.certain.objects.that.I.fiddle.or.play.with.that.can.help.me.calm.down.or.collect.my.thoughts,cati.com.Reading.non.verbal.cues..e.g..facial.expressions..body.language..is.difficult.for.me,cati.flx.I.like.my.belongings.to.be.sorted.in.certain.ways.and.will.spend.time.making.sure.they.are.that.way,cati.soc.Social.interaction.is.easy.for.me,cati.cam.When.interacting.with.other.people..I.spend.a.lot.of.effort.monitoring.how.I.am.coming.across,cati.soc.I.find.social.interactions.stressful,cati.sen.I.am.over.sensitive.to.touch,cati.com.I.can.tell.how.people.feel.from.their.facial.expressions,cati.reg.I.have.a.tendency.to.pace.or.move.around.in.a.repetitive.path,cati.flx.I.feel.discomfort.when.prevented.from.completing.a.particular.routine,cati.cam.I.rely.on.a.set.of.scripts.when.I.talk.with.people,cati.com.I.find.it.easy.to.sense.what.someone.else.is.feeling,cati.sen.I.am.over.sensitive.to.particular.tastes..e.g..salty..sour..spicy..or.sweet.,cati.reg.I.engage.in.certain.repetitive.actions.when.I.feel.stressed,cati.com.I.rarely.use.non.verbal.cues.in.my.interactions.with.others,cati.flx.I.often.insist.on.doing.things.in.a.certain.way..or.re.doing.things.until.they.are..just.right.,cati.soc.I.feel.confident.or.capable.when.meeting.new.people,cati.cam.Before.engaging.in.a.social.situation..I.will.create.a.script.to.follow.where.possible,cati.soc.Social.occasions.are.often.challenging.for.me,cati.sen.Sometimes.the.presence.of.a.smell.makes.it.hard.for.me.to.focus.on.anything.else,cati.reg.There.are.certain.repetitive.actions.that.others.consider.to.be..characteristic..of.me..e.g..stroking.my.hair.,cati.com.Metaphors.or..figures.of.speech..often.confuse.me,cati.flx.It.annoys.me.when.plans.I.have.made.are.changed,cati.soc.I.find.it.difficult.to.make.new.friends,cati.sen.I.react.poorly.to.unexpected.loud.noises,cati.com.I.have.difficulty.understanding.someone.else.s.point.of.view,cati.flx.I.like.to.arrange.items.in.rows.or.patterns,cati.cam.I.try.to.follow.certain..rules..in.order.to.get.by.in.social.situations,cati.sen.I.am.sensitive.to.flickering.lights,cati.reg.I.have.certain.habits.that.I.find.difficult.to.stop..e.g..biting.tearing.nails..pulling.strands.of.hair.,cati.com.I.have.difficulty.understanding.the..unspoken.rules..of.social.situations,Can.you.speak.another.language.,If.yes..which.language.s..,Is.English.your.first.language.,Using.the.slider.below..please.answer.to.the.best.of.your.ability.how.well.you.speak.these.languages...1..Very.little..5..Native....English,Using.the.slider.below..please.answer.to.the.best.of.your.ability.how.well.you.speak.these.languages...1..Very.little..5..Native....2nd.Language,Using.the.slider.below..please.answer.to.the.best.of.your.ability.how.well.you.speak.these.languages...1..Very.little..5..Native....3rd.Language,Using.the.slider.below..please.answer.to.the.best.of.your.ability.how.well.you.speak.these.languages...1..Very.little..5..Native....4th.Language,At.what.age.did.you.learn.these.languages...List.ages.for.each.language.if.multiple.,Does.your.family.speak.these.languages..What.about.your.friends.,How.often.do.you.use.these.languages.in.your.life..Which.language.do.you.use.the.most.,Current.Social.Participation,Socialization.total,Socialization.current,Socialization.teen1,Socialization.teen2,Cati.total,Cati.soc,Cati.com,Cati.cam,Cati.flx,Cati.reg,Cati.sen,Video.1.y,Video.2.y,Video.3.y,Video.4.y,Video.5.y,Video.6.y,Video.7.y,Video.8.y,Video.9.y,Video.10.y,Video.11.y,Video.12.y,Video.13.y,Video.14.y,Video.15.y,Video.16.y,Video.17.y,Video.18.y,Video.19.y,Video.20.y,Video.21.y,Video.22.y,Video.23.y,Video.24.y,Video.25.y,Video.26.y,Video.27.y,Video.28.y,Video.29.y,Video.30.y,RISC.Score,lex.platery.y,lex.denial.y,lex.generic.y,lex.mensible.y,lex.scornful.y,lex.stoutly.y,lex.ablaze.y,lex.kermshaw.y,lex.moonlit.y,lex.lofty.y,lex.hurricane.y,lex.flaw.y,lex.alberation.y,lex.unkempt.y,lex.breeding.y,lex.festivity.y,lex.screech.y,lex.savoury.y,lex.plaudate.y,lex.shin.y,lex.fluid.y,lex.spaunch.y,lex.allied.y,lex.slain.y,lex.recipient.y,lex.exprate.y,lex.eloquence.y,lex.cleanliness.y,lex.dispatch.y,lex.rebondicate.y,lex.ingenious.y,lex.bewitch.y,lex.skave.y,lex.plaintively.y,lex.kilp.y,lex.interfate.y,lex.hasty.y,lex.lengthy.y,lex.fray.y,lex.crumper.y,lex.upkeep.y,lex.majestic.y,lex.magrity.y,lex.nourishment.y,lex.abergy.y,lex.proom.y,lex.turmoil.y,lex.carbohydrate.y,lex.scholar.y,lex.turtle.y,lex.fellick.y,lex.destription.y,lex.cylinder.y,lex.censorship.y,lex.celestial.y,lex.rascal.y,lex.purrage.y,lex.pulsh.y,lex.muddy.y,lex.quirty.y,lex.pudour.y,lex.listless.y,lex.wrought.y,LexTALE.Score
1612,p1,1,1,20,Female,Asian or Pacific Islander,Currently enrolled in college,Yes,ADHD/Depression,1 - 2 times per week,Never,More than 5 times per week,More than 5 times per week,More than 5 times per week,1 - 2 times per week,4 - 5 times per week,1 - 2 times per week,2 - 3 times per week,More than 5 times per week,More than 5 times per week,2 - 3 times per week,,,,,Literal,Sarcastic,Sarcastic,Sarcastic,Literal,Literal,Sarcastic,Sarcastic,Literal,Literal,Sarcastic,Sarcastic,Literal,Literal,Literal,Sarcastic,Literal,Literal,Literal,Sarcastic,Sarcastic,Literal,Literal,Sarcastic,Sarcastic,Literal,Literal,Sarcastic,Sarcastic,Literal,No,Yes,Yes,No,Yes,No,Yes,No,No,Yes,Yes,Yes,No,No,Yes,Yes,Yes,Yes,No,Yes,Yes,No,Yes,Yes,Yes,No,No,Yes,Yes,No,Yes,Yes,No,No,No,No,Yes,Yes,Yes,No,Yes,Yes,No,Yes,No,No,Yes,Yes,Yes,Yes,No,No,Yes,Yes,Yes,Yes,No,No,Yes,No,No,No,No,Neither agree nor disagree,Definitely Agree,Somewhat Disagree,Somewhat Agree,Definitely Disagree,Somewhat Disagree,Somewhat Disagree,Somewhat Agree,2,Somewhat Agree,Somewhat Agree,Somewhat Agree,Somewhat Agree,Somewhat Agree,Definitely Disagree,2,Somewhat Agree,Somewhat Agree,Definitely Disagree,Definitely Agree,Definitely Agree,Somewhat Disagree,Somewhat Disagree,1,Definitely Disagree,Somewhat Disagree,Somewhat Disagree,Somewhat Agree,2,Somewhat Disagree,Somewhat Agree,Somewhat Agree,Definitely Disagree,Somewhat Disagree,Somewhat Agree,Somewhat Agree,Somewhat Disagree,Somewhat Agree,Somewhat Agree,Somewhat Disagree,Somewhat Disagree,Definitely Disagree,Somewhat Disagree,Yes,Vietnamese,No,5 (Native),5 (Native),,,English - 7 years old,My family speaks Vietnamese. My friends speak English.,I use English most and use Vietnamese when I call my family (three times a week).,27,41,19,22,0,118,22,20,20,19,22,15,Literal,Literal,Sarcastic,Sarcastic,Literal,Literal,Sarcastic,Sarcastic,Literal,Literal,Sarcastic,Sarcastic,Literal,Literal,Sarcastic,Sarcastic,Literal,Literal,Sarcastic,Sarcastic,Literal,Literal,Sarcastic,Sarcastic,Literal,Literal,Sarcastic,Sarcastic,Literal,Literal,22,No,Yes,Yes,No,Yes,Yes,Yes,No,Yes,Yes,Yes,Yes,No,Yes,Yes,Yes,Yes,Yes,No,Yes,Yes,No,Yes,Yes,Yes,No,Yes,Yes,Yes,No,Yes,Yes,No,Yes,No,No,Yes,Yes,Yes,No,Yes,Yes,No,Yes,No,No,Yes,Yes,Yes,Yes,No,No,Yes,Yes,Yes,Yes,No,No,Yes,No,No,Yes,Yes,56
2002,p2,1,1,21,Female,Asian or Pacific Islander,Currently enrolled in college,Yes,MDD,Never,Never,2 - 3 times per week,2 - 3 times per week,More than 5 times per week,1 - 2 times per week,1 - 2 times per week,2 - 3 times per week,2 - 3 times per week,2 - 3 times per week,More than 5 times per week,1 - 2 times per week,,,,,Literal,Literal,Sarcastic,Sarcastic,Literal,Literal,Sarcastic,Sarcastic,Literal,Literal,Sarcastic,Sarcastic,Literal,Literal,Sarcastic,Sarcastic,Literal,Literal,Sarcastic,Sarcastic,Literal,Literal,Sarcastic,Literal,Literal,Literal,Sarcastic,Sarcastic,Literal,Literal,No,Yes,Yes,No,Yes,No,No,No,Yes,Yes,Yes,Yes,No,No,Yes,Yes,Yes,Yes,No,No,Yes,Yes,Yes,Yes,Yes,No,No,Yes,Yes,No,Yes,Yes,No,Yes,No,No,Yes,Yes,Yes,No,Yes,Yes,No,Yes,No,Yes,Yes,Yes,Yes,Yes,No,Yes,Yes,Yes,Yes,Yes,No,Yes,Yes,Yes,Yes,Yes,Yes,,Somewhat Agree,Somewhat Agree,Somewhat Agree,Somewhat Agree,Somewhat Agree,Somewhat Agree,Somewhat Disagree,4,Somewhat Agree,Somewhat Agree,Somewhat Agree,Somewhat Disagree,Somewhat Agree,Somewhat Agree,4,Somewhat Agree,Definitely Agree,Somewhat Agree,Somewhat Agree,Somewhat Agree,Neither Agree nor Disagree,Somewhat Agree,4,Somewhat Disagree,Somewhat Agree,Somewhat Agree,Somewhat Agree,5,Somewhat Agree,Somewhat Agree,Somewhat Agree,Somewhat Agree,Somewhat Disagree,Definitely Agree,Somewhat Agree,Somewhat Disagree,Somewhat Agree,Somewhat Agree,Somewhat Agree,Somewhat Agree,Somewhat Agree,Definitely Agree,Yes,Mandarin,No,4,5 (Native),,,Learned English around 10 yrs old.,My family and friends speak Mandarin.,"Every often, I use Mandarin the most.
",19,31,13,18,0,161,30,27,28,28,24,24,Literal,Literal,Sarcastic,Sarcastic,Literal,Literal,Sarcastic,Sarcastic,Literal,Literal,Sarcastic,Sarcastic,Literal,Literal,Sarcastic,Sarcastic,Literal,Literal,Sarcastic,Sarcastic,Literal,Literal,Sarcastic,Sarcastic,Literal,Literal,Sarcastic,Sarcastic,Literal,Literal,29,No,Yes,Yes,No,Yes,Yes,Yes,No,Yes,Yes,Yes,Yes,No,Yes,Yes,Yes,Yes,Yes,No,Yes,Yes,No,Yes,Yes,Yes,No,Yes,Yes,Yes,No,Yes,Yes,No,Yes,No,No,Yes,Yes,Yes,No,Yes,Yes,No,Yes,No,No,Yes,Yes,Yes,Yes,No,No,Yes,Yes,Yes,Yes,No,No,Yes,No,No,Yes,Yes,52
1872,p4,3,1,18,Female,Asian or Pacific Islander,Currently enrolled in college,Yes,Anxiety,1 - 2 times per week,More than 5 times per week,More than 5 times per week,More than 5 times per week,More than 5 times per week,More than 5 times per week,2 - 3 times per week,More than 5 times per week,More than 5 times per week,More than 5 times per week,More than 5 times per week,More than 5 times per week,,,,,Sarcastic,Sarcastic,Literal,Literal,Sarcastic,Sarcastic,Literal,Literal,Sarcastic,Sarcastic,Literal,Literal,Sarcastic,Sarcastic,Literal,Literal,Sarcastic,Sarcastic,Literal,Literal,Sarcastic,Sarcastic,Literal,Literal,Sarcastic,Sarcastic,Literal,Literal,Sarcastic,Sarcastic,No,Yes,Yes,No,Yes,Yes,Yes,No,Yes,Yes,Yes,Yes,No,No,Yes,Yes,Yes,Yes,No,Yes,Yes,No,Yes,Yes,Yes,No,Yes,Yes,Yes,No,Yes,Yes,No,No,No,No,No,Yes,Yes,No,No,Yes,No,Yes,No,No,Yes,Yes,Yes,Yes,No,No,Yes,Yes,Yes,Yes,No,No,Yes,No,No,No,Yes,Strongly agree,Somewhat Disagree,Somewhat Agree,Neither Agree nor Disagree,Somewhat Disagree,Neither Agree nor Disagree,Somewhat Disagree,Somewhat Disagree,2,Neither Agree nor Disagree,Somewhat Disagree,Somewhat Agree,Somewhat Disagree,Somewhat Disagree,Somewhat Disagree,1,Neither Agree nor Disagree,Neither Agree nor Disagree,Somewhat Disagree,Somewhat Agree,Neither Agree nor Disagree,Somewhat Disagree,Definitely Disagree,2,Somewhat Disagree,Somewhat Disagree,Somewhat Disagree,Somewhat Disagree,2,Definitely Disagree,Somewhat Disagree,Somewhat Disagree,Somewhat Disagree,Somewhat Disagree,Neither Agree nor Disagree,Neither Agree nor Disagree,Somewhat Disagree,Somewhat Disagree,Somewhat Disagree,Somewhat Disagree,Somewhat Disagree,Somewhat Disagree,Somewhat Disagree,No,,,5 (Native),,,,,,,35,55,27,28,0,95,15,16,15,18,15,16,Sarcastic,Sarcastic,Literal,Literal,Sarcastic,Sarcastic,Literal,Literal,Sarcastic,Sarcastic,Literal,Literal,Sarcastic,Sarcastic,Literal,Literal,Sarcastic,Sarcastic,Literal,Literal,Sarcastic,Sarcastic,Literal,Literal,Sarcastic,Sarcastic,Literal,Literal,Sarcastic,Sarcastic,30,No,Yes,Yes,No,Yes,Yes,Yes,No,Yes,Yes,Yes,Yes,No,Yes,Yes,Yes,Yes,Yes,No,Yes,Yes,No,Yes,Yes,Yes,No,Yes,Yes,Yes,No,Yes,Yes,No,Yes,No,No,Yes,Yes,Yes,No,Yes,Yes,No,Yes,No,No,Yes,Yes,Yes,Yes,No,No,Yes,Yes,Yes,Yes,No,No,Yes,No,No,Yes,Yes,58
2561,p6,1,1,22,Male,Asian or Pacific Islander,Currently enrolled in college,No,,Never,More than 5 times per week,More than 5 times per week,4 - 5 times per week,More than 5 times per week,2 - 3 times per week,More than 5 times per week,More than 5 times per week,More than 5 times per week,More than 5 times per week,2 - 3 times per week,Never,,,,,Literal,Literal,Sarcastic,Sarcastic,Literal,Literal,Literal,Sarcastic,Sarcastic,Literal,Literal,Sarcastic,Sarcastic,Literal,Literal,Sarcastic,Literal,Literal,Literal,Sarcastic,Sarcastic,Literal,Literal,Sarcastic,Sarcastic,Literal,Sarcastic,Sarcastic,Sarcastic,Literal,No,Yes,Yes,No,No,No,No,No,No,Yes,Yes,Yes,No,No,Yes,Yes,Yes,No,No,No,Yes,No,Yes,Yes,Yes,No,No,No,No,No,Yes,No,No,Yes,No,Yes,Yes,Yes,Yes,No,No,Yes,Yes,No,No,Yes,No,Yes,Yes,Yes,No,No,Yes,No,No,No,No,No,Yes,No,No,Yes,No,Strongly agree,Neither Agree nor Disagree,Definitely Agree,Neither Agree nor Disagree,Somewhat Disagree,Neither Agree nor Disagree,Somewhat Disagree,Definitely Disagree,2,Neither Agree nor Disagree,Definitely Disagree,Somewhat Disagree,Somewhat Disagree,Somewhat Disagree,Neither Agree nor Disagree,1,Neither Agree nor Disagree,Somewhat Disagree,Definitely Disagree,Somewhat Agree,Neither Agree nor Disagree,Somewhat Disagree,Somewhat Disagree,2,Somewhat Agree,Somewhat Disagree,Definitely Disagree,Definitely Agree,1,Neither Agree nor Disagree,Definitely Disagree,Neither Agree nor Disagree,Neither Agree nor Disagree,Neither Agree nor Disagree,Somewhat Agree,Definitely Disagree,Somewhat Agree,Definitely Disagree,Neither Agree nor Disagree,Somewhat Disagree,Definitely Disagree,Somewhat Agree,Neither Agree nor Disagree,Yes,chinese,No,3,5 (Native),,,"7 years old for english, 1 years old for chinese",My family speak Chinese only. Most of my friend can speak Chinese and English,I speak Chinese very much time.,35,45,22,23,0,103,9,16,18,25,18,17,Literal,Literal,Sarcastic,Sarcastic,Literal,Literal,Sarcastic,Sarcastic,Literal,Literal,Sarcastic,Sarcastic,Literal,Literal,Sarcastic,Sarcastic,Literal,Literal,Sarcastic,Sarcastic,Literal,Literal,Sarcastic,Sarcastic,Literal,Literal,Sarcastic,Sarcastic,Literal,Literal,20,No,Yes,Yes,No,Yes,Yes,Yes,No,Yes,Yes,Yes,Yes,No,Yes,Yes,Yes,Yes,Yes,No,Yes,Yes,No,Yes,Yes,Yes,No,Yes,Yes,Yes,No,Yes,Yes,No,Yes,No,No,Yes,Yes,Yes,No,Yes,Yes,No,Yes,No,No,Yes,Yes,Yes,Yes,No,No,Yes,Yes,Yes,Yes,No,No,Yes,No,No,Yes,Yes,42
7907,p7,2,1,21,Male,Asian or Pacific Islander,Bachelor's Degree,No,,1 - 2 times per week,1 - 2 times per week,More than 5 times per week,More than 5 times per week,More than 5 times per week,1 - 2 times per week,More than 5 times per week,More than 5 times per week,More than 5 times per week,More than 5 times per week,More than 5 times per week,2 - 3 times per week,,,,,Literal,Sarcastic,Sarcastic,Literal,Literal,Sarcastic,Sarcastic,Literal,Sarcastic,Sarcastic,Sarcastic,Literal,Literal,Sarcastic,Sarcastic,Sarcastic,Literal,Sarcastic,Literal,Literal,Literal,Sarcastic,Sarcastic,Literal,Literal,Sarcastic,Sarcastic,Literal,Literal,Sarcastic,Yes,Yes,Yes,Yes,No,No,No,No,Yes,Yes,No,Yes,No,No,Yes,Yes,Yes,No,Yes,No,Yes,No,No,No,Yes,Yes,No,Yes,Yes,No,Yes,No,No,No,No,Yes,Yes,Yes,No,No,Yes,No,Yes,Yes,No,No,No,Yes,Yes,Yes,No,Yes,Yes,No,Yes,No,No,No,Yes,Yes,No,Yes,No,,Somewhat Disagree,Neither Agree nor Disagree,Definitely Disagree,Somewhat Disagree,Somewhat Agree,Somewhat Disagree,Definitely Disagree,2,Somewhat Agree,Neither Agree nor Disagree,Somewhat Disagree,Somewhat Disagree,Definitely Disagree,Neither Agree nor Disagree,1,Somewhat Disagree,Somewhat Disagree,Definitely Disagree,Definitely Agree,Neither Agree nor Disagree,Somewhat Disagree,Definitely Disagree,1,Somewhat Disagree,Neither Agree nor Disagree,Neither Agree nor Disagree,Somewhat Agree,4,Neither Agree nor Disagree,Somewhat Disagree,Somewhat Disagree,Somewhat Disagree,Somewhat Disagree,Somewhat Disagree,Definitely Disagree,Somewhat Disagree,Somewhat Disagree,Neither Agree nor Disagree,Somewhat Disagree,Somewhat Disagree,Neither Agree nor Disagree,Definitely Disagree,Yes,Chinese,No,3,5 (Native),5 (Native),,7 years old,Both my family and my friends are speak these language.,"I use these languages really often in my life, and Chinese is the most that I use in daily life, because my friends and my family are using this language to talk to me.",34,49,21,28,0,95,15,15,15,21,16,13,Literal,Sarcastic,Sarcastic,Literal,Literal,Sarcastic,Sarcastic,Literal,Literal,Sarcastic,Sarcastic,Literal,Literal,Sarcastic,Sarcastic,Literal,Literal,Sarcastic,Sarcastic,Literal,Literal,Sarcastic,Sarcastic,Literal,Literal,Sarcastic,Sarcastic,Literal,Literal,Sarcastic,27,No,Yes,Yes,No,Yes,Yes,Yes,No,Yes,Yes,Yes,Yes,No,Yes,Yes,Yes,Yes,Yes,No,Yes,Yes,No,Yes,Yes,Yes,No,Yes,Yes,Yes,No,Yes,Yes,No,Yes,No,No,Yes,Yes,Yes,No,Yes,Yes,No,Yes,No,No,Yes,Yes,Yes,Yes,No,No,Yes,Yes,Yes,Yes,No,No,Yes,No,No,Yes,Yes,37
3725,p8,3,1,19,Female,American Indian or Alaska Native,Currently enrolled in college,Yes,"Depression, Anxiety",Never,Never,More than 5 times per week,4 - 5 times per week,More than 5 times per week,Never,More than 5 times per week,Never,More than 5 times per week,4 - 5 times per week,4 - 5 times per week,1 - 2 times per week,,,,,Sarcastic,Sarcastic,Literal,Literal,Sarcastic,Sarcastic,Literal,Literal,Sarcastic,Sarcastic,Literal,Literal,Sarcastic,Sarcastic,Literal,Literal,Sarcastic,Sarcastic,Literal,Literal,Sarcastic,Sarcastic,Literal,Literal,Sarcastic,Sarcastic,Literal,Literal,Sarcastic,Sarcastic,No,Yes,Yes,No,Yes,Yes,Yes,No,Yes,Yes,Yes,Yes,No,No,Yes,Yes,Yes,Yes,No,Yes,Yes,No,Yes,Yes,Yes,No,Yes,Yes,Yes,No,Yes,Yes,No,Yes,No,No,Yes,Yes,Yes,No,Yes,Yes,No,Yes,No,No,Yes,Yes,Yes,Yes,No,No,Yes,Yes,Yes,Yes,No,No,Yes,No,No,Yes,Yes,,Somewhat Agree,Somewhat Agree,Somewhat Disagree,Definitely Disagree,Definitely Agree,Neither Agree nor Disagree,Definitely Agree,2,Somewhat Disagree,Neither Agree nor Disagree,Somewhat Disagree,Somewhat Agree,Neither Agree nor Disagree,Definitely Disagree,3,Somewhat Disagree,Somewhat Agree,Definitely Disagree,Neither Agree nor Disagree,Somewhat Disagree,Somewhat Disagree,Definitely Disagree,4,Definitely Disagree,Neither Agree nor Disagree,Somewhat Disagree,Definitely Disagree,3,Definitely Disagree,Somewhat Disagree,Somewhat Disagree,Somewhat Disagree,Definitely Disagree,Somewhat Agree,Somewhat Agree,Definitely Disagree,Somewhat Agree,Definitely Disagree,Definitely Disagree,Definitely Disagree,Definitely Agree,Somewhat Disagree,No,,,5 (Native),,,,,,,26,34,14,20,0,104,21,19,12,18,25,9,Sarcastic,Sarcastic,Literal,Literal,Sarcastic,Sarcastic,Literal,Literal,Sarcastic,Sarcastic,Literal,Literal,Sarcastic,Sarcastic,Literal,Literal,Sarcastic,Sarcastic,Literal,Literal,Sarcastic,Sarcastic,Literal,Literal,Sarcastic,Sarcastic,Literal,Literal,Sarcastic,Sarcastic,30,No,Yes,Yes,No,Yes,Yes,Yes,No,Yes,Yes,Yes,Yes,No,Yes,Yes,Yes,Yes,Yes,No,Yes,Yes,No,Yes,Yes,Yes,No,Yes,Yes,Yes,No,Yes,Yes,No,Yes,No,No,Yes,Yes,Yes,No,Yes,Yes,No,Yes,No,No,Yes,Yes,Yes,Yes,No,No,Yes,Yes,Yes,Yes,No,No,Yes,No,No,Yes,Yes,62
1795,p9,4,1,19,Female,White or Caucasian,High school diploma or GED,Yes,ADHD,1 - 2 times per week,Never,More than 5 times per week,More than 5 times per week,4 - 5 times per week,4 - 5 times per week,4 - 5 times per week,More than 5 times per week,4 - 5 times per week,4 - 5 times per week,4 - 5 times per week,4 - 5 times per week,,,,,Sarcastic,Literal,Literal,Sarcastic,Literal,Literal,Literal,Sarcastic,Literal,Sarcastic,Literal,Literal,Sarcastic,Sarcastic,Literal,Literal,Sarcastic,Sarcastic,Literal,Literal,Sarcastic,Literal,Literal,Literal,Sarcastic,Sarcastic,Literal,Sarcastic,Sarcastic,Sarcastic,No,Yes,Yes,No,Yes,No,Yes,No,Yes,Yes,Yes,Yes,No,Yes,Yes,Yes,Yes,Yes,No,Yes,Yes,Yes,Yes,Yes,Yes,No,Yes,Yes,Yes,Yes,Yes,Yes,No,Yes,No,No,Yes,Yes,Yes,No,Yes,Yes,No,Yes,No,No,Yes,Yes,Yes,Yes,No,No,Yes,Yes,Yes,Yes,No,No,Yes,No,No,Yes,Yes,Somewhat agree,Definitely Agree,Somewhat Agree,Neither Agree nor Disagree,Somewhat Disagree,Neither Agree nor Disagree,Somewhat Disagree,Definitely Agree,2,Neither Agree nor Disagree,Somewhat Disagree,Somewhat Agree,Somewhat Agree,Somewhat Disagree,Neither Agree nor Disagree,2,Definitely Agree,Somewhat Disagree,Definitely Disagree,Somewhat Agree,Somewhat Disagree,Neither Agree nor Disagree,Somewhat Disagree,2,Definitely Disagree,Definitely Disagree,Definitely Disagree,Somewhat Disagree,1,Somewhat Disagree,Definitely Disagree,Somewhat Agree,Definitely Disagree,Somewhat Disagree,Definitely Disagree,Definitely Disagree,Somewhat Disagree,Neither Agree nor Disagree,Somewhat Disagree,Somewhat Agree,Neither Agree nor Disagree,Somewhat Disagree,Neither Agree nor Disagree,No,,,5 (Native),,,,,,,30,45,20,25,0,104,11,17,21,18,20,17,Sarcastic,Literal,Literal,Sarcastic,Sarcastic,Literal,Literal,Sarcastic,Literal,Sarcastic,Literal,Literal,Sarcastic,Sarcastic,Literal,Literal,Sarcastic,Sarcastic,Literal,Literal,Sarcastic,Sarcastic,Literal,Literal,Sarcastic,Sarcastic,Literal,Literal,Sarcastic,Sarcastic,27,No,Yes,Yes,No,Yes,Yes,Yes,No,Yes,Yes,Yes,Yes,No,Yes,Yes,Yes,Yes,Yes,No,Yes,Yes,No,Yes,Yes,Yes,No,Yes,Yes,Yes,No,Yes,Yes,No,Yes,No,No,Yes,Yes,Yes,No,Yes,Yes,No,Yes,No,No,Yes,Yes,Yes,Yes,No,No,Yes,Yes,Yes,Yes,No,No,Yes,No,No,Yes,Yes,60
3029,p10,1,1,18,Male,A race/ethnicity not listed here,High school diploma or GED,No,,1 - 2 times per week,Never,1 - 2 times per week,More than 5 times per week,More than 5 times per week,More than 5 times per week,4 - 5 times per week,2 - 3 times per week,More than 5 times per week,More than 5 times per week,More than 5 times per week,More than 5 times per week,,,,,Sarcastic,Sarcastic,Sarcastic,Literal,Literal,Sarcastic,Literal,Literal,Sarcastic,Sarcastic,Literal,Literal,Literal,Sarcastic,Literal,Literal,Literal,Sarcastic,Literal,Literal,Literal,Sarcastic,Literal,Literal,Literal,Sarcastic,Literal,Literal,Literal,Sarcastic,Yes,Yes,Yes,No,Yes,No,Yes,No,Yes,Yes,Yes,Yes,No,No,Yes,Yes,Yes,Yes,No,Yes,Yes,No,Yes,Yes,Yes,No,Yes,Yes,Yes,No,Yes,Yes,No,No,No,No,Yes,Yes,Yes,No,Yes,Yes,No,Yes,No,No,Yes,Yes,Yes,Yes,No,No,Yes,Yes,Yes,Yes,No,No,Yes,No,No,Yes,Yes,Strongly agree,Somewhat Agree,Somewhat Agree,Somewhat Agree,Definitely Disagree,Somewhat Agree,Somewhat Agree,Somewhat Agree,2,Somewhat Agree,Somewhat Disagree,Somewhat Agree,Neither Agree nor Disagree,Somewhat Disagree,Somewhat Disagree,2,Somewhat Agree,Somewhat Agree,Definitely Disagree,Somewhat Agree,Definitely Disagree,Somewhat Disagree,Definitely Disagree,2,Somewhat Disagree,Somewhat Disagree,Neither Agree nor Disagree,Somewhat Disagree,2,Definitely Disagree,Somewhat Disagree,Definitely Disagree,Definitely Disagree,Definitely Disagree,Neither Agree nor Disagree,Somewhat Agree,Definitely Disagree,Somewhat Disagree,Somewhat Disagree,Definitely Disagree,Definitely Disagree,Definitely Disagree,Definitely Disagree,No,,,5 (Native),,,,,,,27,46,19,27,0,98,18,15,19,19,16,11,Literal,Literal,Sarcastic,Sarcastic,Literal,Literal,Sarcastic,Sarcastic,Literal,Literal,Sarcastic,Sarcastic,Literal,Literal,Sarcastic,Sarcastic,Literal,Literal,Sarcastic,Sarcastic,Literal,Literal,Sarcastic,Sarcastic,Literal,Literal,Sarcastic,Sarcastic,Literal,Literal,7,No,Yes,Yes,No,Yes,Yes,Yes,No,Yes,Yes,Yes,Yes,No,Yes,Yes,Yes,Yes,Yes,No,Yes,Yes,No,Yes,Yes,Yes,No,Yes,Yes,Yes,No,Yes,Yes,No,Yes,No,No,Yes,Yes,Yes,No,Yes,Yes,No,Yes,No,No,Yes,Yes,Yes,Yes,No,No,Yes,Yes,Yes,Yes,No,No,Yes,No,No,Yes,Yes,59
1822,p11,2,1,18,Female,White or Caucasian,High school diploma or GED,No,,2 - 3 times per week,Never,More than 5 times per week,More than 5 times per week,More than 5 times per week,4 - 5 times per week,More than 5 times per week,More than 5 times per week,More than 5 times per week,More than 5 times per week,More than 5 times per week,4 - 5 times per week,,,,,Literal,Sarcastic,Sarcastic,Literal,Literal,Sarcastic,Literal,Literal,Sarcastic,Sarcastic,Literal,Literal,Literal,Sarcastic,Literal,Literal,Literal,Sarcastic,Sarcastic,Literal,Literal,Sarcastic,Sarcastic,Literal,Literal,Sarcastic,Sarcastic,Literal,Literal,Sarcastic,No,Yes,Yes,Yes,Yes,Yes,Yes,No,No,Yes,Yes,Yes,Yes,No,Yes,Yes,Yes,Yes,Yes,Yes,Yes,No,No,Yes,Yes,Yes,Yes,Yes,Yes,No,Yes,Yes,Yes,No,Yes,Yes,Yes,Yes,Yes,No,No,Yes,No,Yes,No,,Yes,Yes,Yes,Yes,Yes,No,Yes,Yes,Yes,Yes,Yes,Yes,Yes,No,Yes,No,No,Strongly agree,Definitely Agree,Somewhat Agree,Somewhat Disagree,Somewhat Agree,Definitely Agree,Somewhat Agree,Somewhat Disagree,1,Somewhat Agree,Definitely Disagree,Definitely Agree,Somewhat Agree,Definitely Disagree,Somewhat Agree,1,Somewhat Agree,Somewhat Disagree,Somewhat Disagree,Somewhat Agree,Neither Agree nor Disagree,Somewhat Agree,Definitely Disagree,2,Somewhat Disagree,Somewhat Agree,Somewhat Agree,Somewhat Disagree,1,Definitely Disagree,Definitely Disagree,Somewhat Agree,Somewhat Agree,Definitely Disagree,Somewhat Agree,Definitely Disagree,Somewhat Disagree,Definitely Disagree,Neither Agree nor Disagree,Somewhat Disagree,Definitely Disagree,Definitely Agree,Definitely Disagree,No,,,5 (Native),2,,,,,,34,51,22,29,0,113,8,14,18,26,27,20,Literal,Sarcastic,Sarcastic,Literal,Literal,Sarcastic,Sarcastic,Literal,Literal,Sarcastic,Sarcastic,Literal,Literal,Sarcastic,Sarcastic,Literal,Literal,Sarcastic,Sarcastic,Literal,Literal,Sarcastic,Sarcastic,Literal,Literal,Sarcastic,Sarcastic,Literal,Literal,Sarcastic,26,No,Yes,Yes,No,Yes,Yes,Yes,No,Yes,Yes,Yes,Yes,No,Yes,Yes,Yes,Yes,Yes,No,Yes,Yes,No,Yes,Yes,Yes,No,Yes,Yes,Yes,No,Yes,Yes,No,Yes,No,No,Yes,Yes,Yes,No,Yes,Yes,No,Yes,No,No,Yes,Yes,Yes,Yes,No,No,Yes,Yes,Yes,Yes,No,No,Yes,No,No,Yes,Yes,44
5277,p12,3,1,18,Male,Asian or Pacific Islander,Currently enrolled in college,No,,1 - 2 times per week,1 - 2 times per week,1 - 2 times per week,1 - 2 times per week,More than 5 times per week,1 - 2 times per week,2 - 3 times per week,2 - 3 times per week,2 - 3 times per week,4 - 5 times per week,4 - 5 times per week,2 - 3 times per week,,,,,Sarcastic,Sarcastic,Literal,Literal,Literal,Sarcastic,Literal,Literal,Sarcastic,Literal,Literal,Literal,Sarcastic,Literal,Literal,Literal,Sarcastic,Sarcastic,Literal,Literal,Sarcastic,Sarcastic,Literal,Literal,Sarcastic,Literal,Literal,Literal,Literal,Sarcastic,No,Yes,Yes,Yes,No,No,Yes,No,No,Yes,Yes,Yes,Yes,No,Yes,Yes,No,Yes,Yes,Yes,Yes,No,Yes,No,Yes,Yes,Yes,Yes,Yes,No,Yes,Yes,Yes,Yes,No,No,No,Yes,No,Yes,Yes,No,No,Yes,No,Yes,No,Yes,Yes,Yes,Yes,Yes,Yes,Yes,Yes,Yes,No,No,Yes,Yes,No,No,Yes,Neither agree nor disagree,Definitely Agree,Somewhat Disagree,Definitely Disagree,Definitely Disagree,Neither Agree nor Disagree,Definitely Agree,Somewhat Agree,4,Neither Agree nor Disagree,Somewhat Agree,Somewhat Disagree,Somewhat Disagree,Somewhat Disagree,Somewhat Agree,3,Neither Agree nor Disagree,Somewhat Agree,Neither Agree nor Disagree,Somewhat Agree,Somewhat Agree,Somewhat Agree,Somewhat Agree,3,Neither Agree nor Disagree,Neither Agree nor Disagree,Neither Agree nor Disagree,Somewhat Agree,3,Somewhat Agree,Neither Agree nor Disagree,Somewhat Agree,Somewhat Agree,Somewhat Disagree,Somewhat Agree,Neither Agree nor Disagree,Neither Agree nor Disagree,Somewhat Disagree,Somewhat Agree,Definitely Agree,Somewhat Agree,Somewhat Agree,Somewhat Agree,Yes,Mandarin,No,4,5 (Native),,,7,My family members all speak mandarin. Some of my friends speak mandarin.,I use mandarin and english everyday. I use mandarin more frequently.,21,35,15,20,0,140,24,20,25,25,26,20,Sarcastic,Sarcastic,Literal,Literal,Sarcastic,Sarcastic,Literal,Literal,Sarcastic,Sarcastic,Literal,Literal,Sarcastic,Sarcastic,Literal,Literal,Sarcastic,Sarcastic,Literal,Literal,Sarcastic,Sarcastic,Literal,Literal,Sarcastic,Sarcastic,Literal,Literal,Sarcastic,Sarcastic,25,No,Yes,Yes,No,Yes,Yes,Yes,No,Yes,Yes,Yes,Yes,No,Yes,Yes,Yes,Yes,Yes,No,Yes,Yes,No,Yes,Yes,Yes,No,Yes,Yes,Yes,No,Yes,Yes,No,Yes,No,No,Yes,Yes,Yes,No,Yes,Yes,No,Yes,No,No,Yes,Yes,Yes,Yes,No,No,Yes,Yes,Yes,Yes,No,No,Yes,No,No,Yes,Yes,42
1740,p13,4,1,19,Male,Asian or Pacific Islander,Currently enrolled in college,No,,2 - 3 times per week,2 - 3 times per week,4 - 5 times per week,2 - 3 times per week,More than 5 times per week,2 - 3 times per week,2 - 3 times per week,More than 5 times per week,More than 5 times per week,More than 5 times per week,More than 5 times per week,2 - 3 times per week,,,,,Sarcastic,Sarcastic,Literal,Sarcastic,Literal,Literal,Literal,Sarcastic,Literal,Sarcastic,Literal,Literal,Sarcastic,Sarcastic,Literal,Literal,Sarcastic,Sarcastic,Literal,Literal,Sarcastic,Sarcastic,Literal,Literal,Sarcastic,Sarcastic,Literal,Literal,Sarcastic,Sarcastic,Yes,Yes,Yes,No,Yes,Yes,Yes,No,Yes,Yes,Yes,Yes,No,Yes,Yes,Yes,Yes,Yes,No,Yes,Yes,No,Yes,Yes,Yes,No,Yes,Yes,Yes,No,Yes,Yes,No,No,No,No,Yes,Yes,Yes,No,Yes,Yes,No,Yes,No,No,Yes,Yes,Yes,Yes,No,No,Yes,Yes,Yes,Yes,No,No,Yes,No,No,Yes,Yes,Somewhat agree,Neither Agree nor Disagree,Somewhat Disagree,Somewhat Disagree,Definitely Disagree,Neither Agree nor Disagree,Somewhat Disagree,Somewhat Disagree,2,Neither Agree nor Disagree,Somewhat Disagree,Definitely Disagree,Definitely Disagree,Neither Agree nor Disagree,Definitely Disagree,3,Neither Agree nor Disagree,Somewhat Disagree,Definitely Disagree,Somewhat Agree,Definitely Disagree,Somewhat Disagree,Somewhat Disagree,3,Definitely Disagree,Definitely Disagree,Somewhat Disagree,Neither Agree nor Disagree,3,Somewhat Disagree,Neither Agree nor Disagree,Somewhat Disagree,Somewhat Disagree,Somewhat Disagree,Neither Agree nor Disagree,Neither Agree nor Disagree,Definitely Disagree,Somewhat Disagree,Neither Agree nor Disagree,Neither Agree nor Disagree,Definitely Disagree,Neither Agree nor Disagree,Somewhat Disagree,No,,,5 (Native),2,1 (Very Little),,,,,31,47,21,26,0,91,18,18,17,17,13,8,Sarcastic,Literal,Literal,Sarcastic,Sarcastic,Literal,Literal,Sarcastic,Literal,Sarcastic,Literal,Literal,Sarcastic,Sarcastic,Literal,Literal,Sarcastic,Sarcastic,Literal,Literal,Sarcastic,Sarcastic,Literal,Literal,Sarcastic,Sarcastic,Literal,Literal,Sarcastic,Sarcastic,28,No,Yes,Yes,No,Yes,Yes,Yes,No,Yes,Yes,Yes,Yes,No,Yes,Yes,Yes,Yes,Yes,No,Yes,Yes,No,Yes,Yes,Yes,No,Yes,Yes,Yes,No,Yes,Yes,No,Yes,No,No,Yes,Yes,Yes,No,Yes,Yes,No,Yes,No,No,Yes,Yes,Yes,Yes,No,No,Yes,Yes,Yes,Yes,No,No,Yes,No,No,Yes,Yes,61
1449,p15,2,1,21,Male,Asian or Pacific Islander,Currently enrolled in college,No,,Never,Never,1 - 2 times per week,More than 5 times per week,More than 5 times per week,1 - 2 times per week,1 - 2 times per week,1 - 2 times per week,4 - 5 times per week,More than 5 times per week,More than 5 times per week,1 - 2 times per week,,,,,Sarcastic,Sarcastic,Sarcastic,Literal,Literal,Sarcastic,Literal,Literal,Sarcastic,Sarcastic,Literal,Literal,Literal,Sarcastic,Literal,Literal,Sarcastic,Sarcastic,Literal,Literal,Literal,Sarcastic,Sarcastic,Literal,Literal,Sarcastic,Literal,Literal,Literal,Sarcastic,No,Yes,Yes,Yes,Yes,Yes,Yes,No,Yes,Yes,Yes,Yes,Yes,Yes,Yes,Yes,Yes,Yes,Yes,Yes,Yes,Yes,Yes,Yes,Yes,Yes,Yes,Yes,Yes,Yes,Yes,Yes,No,No,Yes,Yes,Yes,Yes,Yes,Yes,Yes,Yes,No,Yes,Yes,No,Yes,Yes,Yes,Yes,No,No,Yes,Yes,Yes,Yes,Yes,No,Yes,No,No,Yes,Yes,Strongly agree,Somewhat Agree,Definitely Agree,Definitely Disagree,Somewhat Disagree,Definitely Agree,Definitely Disagree,Definitely Disagree,1,Definitely Disagree,Somewhat Disagree,Somewhat Disagree,Somewhat Agree,Somewhat Disagree,Definitely Agree,2,Somewhat Disagree,Definitely Disagree,Somewhat Disagree,Somewhat Agree,Neither Agree nor Disagree,Definitely Agree,Definitely Disagree,2,Definitely Disagree,Definitely Agree,Somewhat Disagree,Definitely Agree,1,Definitely Disagree,Definitely Disagree,Somewhat Agree,Somewhat Agree,Definitely Disagree,Definitely Agree,Neither Agree nor Disagree,Somewhat Agree,Neither Agree nor Disagree,Somewhat Agree,Definitely Disagree,Somewhat Agree,Definitely Agree,Definitely Disagree,Yes,Korean,No,5 (Native),4,,,"Korean - At birth
English - Around 6",My friends speak Korean and so does my parents. I also have friends that speak English as well.,"I use English about 70% of the time, and speak Korean during the other 30.",22,34,14,20,0,113,11,15,8,34,26,19,Literal,Sarcastic,Sarcastic,Literal,Literal,Sarcastic,Sarcastic,Literal,Literal,Sarcastic,Sarcastic,Literal,Literal,Sarcastic,Sarcastic,Literal,Literal,Sarcastic,Sarcastic,Literal,Literal,Sarcastic,Sarcastic,Literal,Literal,Sarcastic,Sarcastic,Literal,Literal,Sarcastic,22,No,Yes,Yes,No,Yes,Yes,Yes,No,Yes,Yes,Yes,Yes,No,Yes,Yes,Yes,Yes,Yes,No,Yes,Yes,No,Yes,Yes,Yes,No,Yes,Yes,Yes,No,Yes,Yes,No,Yes,No,No,Yes,Yes,Yes,No,Yes,Yes,No,Yes,No,No,Yes,Yes,Yes,Yes,No,No,Yes,Yes,Yes,Yes,No,No,Yes,No,No,Yes,Yes,51
1658,p16,3,1,18,Female,White or Caucasian,Currently enrolled in college,Yes,Social Anxiety,Never,Never,4 - 5 times per week,More than 5 times per week,More than 5 times per week,1 - 2 times per week,2 - 3 times per week,4 - 5 times per week,1 - 2 times per week,More than 5 times per week,More than 5 times per week,1 - 2 times per week,,,,,Sarcastic,Sarcastic,Literal,Literal,Sarcastic,Sarcastic,Literal,Literal,Sarcastic,Sarcastic,Literal,Literal,Sarcastic,Sarcastic,Literal,Literal,Sarcastic,Sarcastic,Literal,Literal,Sarcastic,Sarcastic,Literal,Literal,Sarcastic,Sarcastic,Literal,Literal,Literal,Sarcastic,No,Yes,Yes,No,Yes,Yes,Yes,No,Yes,Yes,Yes,Yes,No,Yes,Yes,Yes,Yes,Yes,No,Yes,Yes,No,Yes,Yes,Yes,No,Yes,Yes,Yes,No,Yes,Yes,No,Yes,No,No,Yes,Yes,Yes,No,Yes,Yes,No,Yes,No,No,Yes,Yes,Yes,Yes,No,No,Yes,Yes,Yes,Yes,No,No,Yes,No,No,Yes,Yes,,Definitely Agree,Definitely Agree,Somewhat Disagree,Somewhat Disagree,Somewhat Agree,Definitely Agree,Somewhat Disagree,2,Definitely Agree,Somewhat Agree,Somewhat Agree,Somewhat Agree,Definitely Disagree,Somewhat Disagree,4,Definitely Agree,Definitely Agree,Somewhat Disagree,Somewhat Agree,Definitely Disagree,Somewhat Agree,Somewhat Disagree,2,Definitely Disagree,Definitely Disagree,Somewhat Disagree,Somewhat Agree,5,Somewhat Agree,Somewhat Agree,Somewhat Agree,Definitely Disagree,Definitely Disagree,Somewhat Agree,Somewhat Agree,Definitely Disagree,Definitely Disagree,Definitely Disagree,Definitely Disagree,Definitely Disagree,Definitely Disagree,Definitely Disagree,No,,,5 (Native),,,,,,,25,37,16,21,0,118,28,12,24,24,15,15,Sarcastic,Sarcastic,Literal,Literal,Sarcastic,Sarcastic,Literal,Literal,Sarcastic,Sarcastic,Literal,Literal,Sarcastic,Sarcastic,Literal,Literal,Sarcastic,Sarcastic,Literal,Literal,Sarcastic,Sarcastic,Literal,Literal,Sarcastic,Sarcastic,Literal,Literal,Sarcastic,Sarcastic,29,No,Yes,Yes,No,Yes,Yes,Yes,No,Yes,Yes,Yes,Yes,No,Yes,Yes,Yes,Yes,Yes,No,Yes,Yes,No,Yes,Yes,Yes,No,Yes,Yes,Yes,No,Yes,Yes,No,Yes,No,No,Yes,Yes,Yes,No,Yes,Yes,No,Yes,No,No,Yes,Yes,Yes,Yes,No,No,Yes,Yes,Yes,Yes,No,No,Yes,No,No,Yes,Yes,63
2177,p17,4,1,19,Female,Hispanic or Latino,Currently enrolled in college,Yes,,1 - 2 times per week,Never,2 - 3 times per week,2 - 3 times per week,2 - 3 times per week,4 - 5 times per week,Never,Never,1 - 2 times per week,1 - 2 times per week,4 - 5 times per week,2 - 3 times per week,,,,,Sarcastic,Sarcastic,Literal,Sarcastic,Literal,Literal,Literal,Sarcastic,Literal,Sarcastic,Literal,Literal,Sarcastic,Sarcastic,Literal,Literal,Sarcastic,Sarcastic,Literal,Literal,Sarcastic,Sarcastic,Literal,Literal,Sarcastic,Sarcastic,Literal,Literal,Sarcastic,Sarcastic,Yes,Yes,Yes,No,Yes,Yes,Yes,No,Yes,No,Yes,Yes,Yes,No,Yes,Yes,Yes,Yes,Yes,Yes,Yes,No,Yes,No,Yes,No,No,Yes,Yes,Yes,Yes,Yes,Yes,Yes,No,Yes,Yes,No,Yes,Yes,No,Yes,No,Yes,No,No,Yes,Yes,Yes,Yes,Yes,Yes,Yes,Yes,Yes,Yes,No,No,Yes,No,No,No,No,,Neither Agree nor Disagree,Somewhat Agree,Definitely Disagree,Somewhat Agree,Neither Agree nor Disagree,Definitely Disagree,Definitely Disagree,3,Somewhat Agree,Somewhat Disagree,Somewhat Disagree,Definitely Disagree,Neither Agree nor Disagree,Somewhat Agree,3,Definitely Disagree,Neither Agree nor Disagree,Definitely Disagree,Neither Agree nor Disagree,Definitely Disagree,Definitely Disagree,Definitely Disagree,4,Definitely Disagree,Definitely Disagree,Somewhat Disagree,Neither Agree nor Disagree,3,Definitely Disagree,Neither Agree nor Disagree,Definitely Disagree,Definitely Disagree,Somewhat Disagree,Definitely Agree,Neither Agree nor Disagree,Definitely Disagree,Somewhat Disagree,Definitely Disagree,Definitely Disagree,Definitely Disagree,Definitely Disagree,Definitely Disagree,Yes,Spanish,Yes,5 (Native),5 (Native),,,pre-school ,"yes, my family speaks both Spanish and English. My friends speak both as well.",Everyday. I uss English a lot more,15,26,15,11,0,88,20,17,10,21,9,11,Sarcastic,Literal,Literal,Sarcastic,Sarcastic,Literal,Literal,Sarcastic,Literal,Sarcastic,Literal,Literal,Sarcastic,Sarcastic,Literal,Literal,Sarcastic,Sarcastic,Literal,Literal,Sarcastic,Sarcastic,Literal,Literal,Sarcastic,Sarcastic,Literal,Literal,Sarcastic,Sarcastic,28,No,Yes,Yes,No,Yes,Yes,Yes,No,Yes,Yes,Yes,Yes,No,Yes,Yes,Yes,Yes,Yes,No,Yes,Yes,No,Yes,Yes,Yes,No,Yes,Yes,Yes,No,Yes,Yes,No,Yes,No,No,Yes,Yes,Yes,No,Yes,Yes,No,Yes,No,No,Yes,Yes,Yes,Yes,No,No,Yes,Yes,Yes,Yes,No,No,Yes,No,No,Yes,Yes,46
156605,p18,1,1,20,Female,White or Caucasian,Currently enrolled in college,Yes,"General Anxiety, ADHD",1 - 2 times per week,1 - 2 times per week,2 - 3 times per week,1 - 2 times per week,More than 5 times per week,1 - 2 times per week,1 - 2 times per week,2 - 3 times per week,4 - 5 times per week,2 - 3 times per week,More than 5 times per week,2 - 3 times per week,,,,,Literal,Sarcastic,Sarcastic,Sarcastic,Literal,Literal,Sarcastic,Sarcastic,Literal,Literal,Sarcastic,Sarcastic,Literal,Literal,Sarcastic,Sarcastic,Literal,Literal,Sarcastic,Sarcastic,Literal,Literal,Sarcastic,Sarcastic,Literal,Literal,Sarcastic,Sarcastic,Literal,Literal,Yes,Yes,Yes,Yes,Yes,Yes,Yes,No,Yes,Yes,Yes,Yes,Yes,Yes,Yes,Yes,Yes,Yes,No,Yes,Yes,No,Yes,Yes,Yes,No,Yes,Yes,Yes,No,Yes,Yes,No,Yes,No,No,Yes,Yes,Yes,No,Yes,Yes,No,Yes,No,No,Yes,Yes,Yes,Yes,No,No,Yes,Yes,Yes,Yes,No,No,Yes,No,No,Yes,Yes,Somewhat agree,Definitely Agree,Somewhat Disagree,Somewhat Agree,Definitely Agree,Somewhat Disagree,Somewhat Agree,Definitely Agree,2,Somewhat Agree,Neither Agree nor Disagree,Somewhat Agree,Somewhat Agree,Neither Agree nor Disagree,Neither Agree nor Disagree,2,Somewhat Agree,Neither Agree nor Disagree,Somewhat Agree,Somewhat Agree,Neither Agree nor Disagree,Somewhat Disagree,Somewhat Disagree,3,Somewhat Disagree,Somewhat Agree,Somewhat Disagree,Somewhat Disagree,2,Somewhat Disagree,Somewhat Agree,Somewhat Agree,Somewhat Agree,Somewhat Agree,Somewhat Agree,Neither Agree nor Disagree,Somewhat Agree,Somewhat Disagree,Somewhat Disagree,Somewhat Disagree,Definitely Agree,Definitely Agree,Somewhat Agree,No,,,5 (Native),2,,,,,,21,36,16,20,0,138,19,22,22,17,30,28,Literal,Literal,Sarcastic,Sarcastic,Literal,Literal,Sarcastic,Sarcastic,Literal,Literal,Sarcastic,Sarcastic,Literal,Literal,Sarcastic,Sarcastic,Literal,Literal,Sarcastic,Sarcastic,Literal,Literal,Sarcastic,Sarcastic,Literal,Literal,Sarcastic,Sarcastic,Literal,Literal,29,No,Yes,Yes,No,Yes,Yes,Yes,No,Yes,Yes,Yes,Yes,No,Yes,Yes,Yes,Yes,Yes,No,Yes,Yes,No,Yes,Yes,Yes,No,Yes,Yes,Yes,No,Yes,Yes,No,Yes,No,No,Yes,Yes,Yes,No,Yes,Yes,No,Yes,No,No,Yes,Yes,Yes,Yes,No,No,Yes,Yes,Yes,Yes,No,No,Yes,No,No,Yes,Yes,60
1575,p21,3,1,21,Male,A race/ethnicity not listed here,Currently enrolled in college,Yes,"ADHD, Anxiety, OCD, Depression",1 - 2 times per week,1 - 2 times per week,4 - 5 times per week,More than 5 times per week,More than 5 times per week,More than 5 times per week,1 - 2 times per week,Never,1 - 2 times per week,More than 5 times per week,More than 5 times per week,More than 5 times per week,,,,,Sarcastic,Sarcastic,Literal,Literal,Sarcastic,Sarcastic,Literal,Literal,Sarcastic,Sarcastic,Literal,Literal,Sarcastic,Sarcastic,Literal,Literal,Sarcastic,Sarcastic,Literal,Literal,Sarcastic,Sarcastic,Literal,Literal,Sarcastic,Sarcastic,Literal,Literal,Sarcastic,Sarcastic,No,Yes,Yes,No,Yes,Yes,Yes,No,Yes,Yes,Yes,Yes,No,Yes,Yes,Yes,Yes,Yes,No,Yes,Yes,No,Yes,Yes,Yes,No,Yes,Yes,Yes,No,Yes,Yes,No,Yes,No,No,Yes,Yes,Yes,No,Yes,Yes,No,Yes,No,No,Yes,Yes,Yes,Yes,No,No,Yes,Yes,Yes,Yes,No,No,Yes,No,No,Yes,Yes,,Definitely Agree,Definitely Agree,Somewhat Agree,Somewhat Disagree,Definitely Agree,Somewhat Agree,Definitely Agree,2,Somewhat Agree,Definitely Disagree,Definitely Agree,Somewhat Agree,Somewhat Disagree,Definitely Agree,3,Definitely Agree,Neither Agree nor Disagree,Somewhat Agree,Somewhat Agree,Definitely Agree,Definitely Agree,Somewhat Agree,2,Neither Agree nor Disagree,Definitely Agree,Neither Agree nor Disagree,Definitely Agree,2,Somewhat Agree,Neither Agree nor Disagree,Definitely Agree,Definitely Agree,Definitely Disagree,Definitely Agree,Somewhat Disagree,Definitely Agree,Somewhat Agree,Definitely Agree,Definitely Agree,Somewhat Agree,Definitely Agree,Somewhat Agree,Yes,"Farsi, some french, a little japanese",Yes,5 (Native),5 (Native),3,1 (Very Little),"Birth, birth, elementary school, adolescence","My family speaks Farsi, and speaks it with me exclusively. I have a friend who speaks French who I speak French with sometimes to chat. I also have a friend who is learning Japanese","I use Farsi frequently whenever I speak to my family and with some professors, as well as when translating. I use English the most in day to day life, during work, school, with friends, etc. French and Japanese I don't use often except listening to Japanese music.",23,42,23,19,0,163,16,20,30,35,34,28,Sarcastic,Sarcastic,Literal,Literal,Sarcastic,Sarcastic,Literal,Literal,Sarcastic,Sarcastic,Literal,Literal,Sarcastic,Sarcastic,Literal,Literal,Sarcastic,Sarcastic,Literal,Literal,Sarcastic,Sarcastic,Literal,Literal,Sarcastic,Sarcastic,Literal,Literal,Sarcastic,Sarcastic,30,No,Yes,Yes,No,Yes,Yes,Yes,No,Yes,Yes,Yes,Yes,No,Yes,Yes,Yes,Yes,Yes,No,Yes,Yes,No,Yes,Yes,Yes,No,Yes,Yes,Yes,No,Yes,Yes,No,Yes,No,No,Yes,Yes,Yes,No,Yes,Yes,No,Yes,No,No,Yes,Yes,Yes,Yes,No,No,Yes,Yes,Yes,Yes,No,No,Yes,No,No,Yes,Yes,63
1794,p22,4,1,19,Female,Asian or Pacific Islander,Currently enrolled in college,No,,2 - 3 times per week,2 - 3 times per week,1 - 2 times per week,More than 5 times per week,More than 5 times per week,2 - 3 times per week,1 - 2 times per week,1 - 2 times per week,4 - 5 times per week,More than 5 times per week,More than 5 times per week,2 - 3 times per week,,,,,Sarcastic,Literal,Literal,Sarcastic,Literal,Literal,Literal,Sarcastic,Literal,Sarcastic,Literal,Sarcastic,Sarcastic,Sarcastic,Literal,Literal,Sarcastic,Sarcastic,Literal,Literal,Sarcastic,Sarcastic,Literal,Sarcastic,Sarcastic,Sarcastic,Literal,Literal,Sarcastic,Sarcastic,Yes,Yes,Yes,No,Yes,Yes,Yes,No,No,Yes,Yes,Yes,Yes,No,Yes,Yes,Yes,Yes,Yes,Yes,Yes,Yes,Yes,Yes,Yes,Yes,No,Yes,Yes,No,Yes,Yes,No,Yes,No,Yes,Yes,Yes,No,Yes,Yes,No,No,Yes,No,Yes,Yes,Yes,Yes,Yes,Yes,No,Yes,Yes,Yes,No,No,Yes,Yes,No,No,No,Yes,,Somewhat Agree,Definitely Agree,Definitely Agree,Somewhat Agree,Definitely Agree,Somewhat Agree,Somewhat Agree,2,Somewhat Agree,Somewhat Agree,Somewhat Agree,Neither Agree nor Disagree,Somewhat Disagree,Somewhat Agree,3,Somewhat Agree,Somewhat Agree,Somewhat Disagree,Somewhat Agree,Neither Agree nor Disagree,Somewhat Agree,Somewhat Agree,2,Somewhat Disagree,Neither Agree nor Disagree,Somewhat Disagree,Somewhat Agree,4,Somewhat Agree,Somewhat Agree,Somewhat Disagree,Somewhat Disagree,Somewhat Disagree,Somewhat Agree,Definitely Agree,Neither Agree nor Disagree,Somewhat Disagree,Neither Agree nor Disagree,Neither Agree nor Disagree,Somewhat Agree,Somewhat Disagree,Neither Agree nor Disagree,Yes,"Cantonese, Mandarin",No,5 (Native),5 (Native),5 (Native),,"Both Cantonese and Mandarin are my first languages. I started learning Cantonese right after birth, and Mandarin in a later time. I started learning English when I was about five. ","Yes, my family speaks the same three languages as me. Some of my friends only speak English, and some of them speak Mandarin and English. ","I use English the most in my life; I use it at home, in school, and when hanging out with friends. I use Cantonese mostly only at home. And I use Mandarin at home and when hanging out with friends. ",26,42,21,21,0,142,26,17,28,29,21,21,Sarcastic,Literal,Literal,Sarcastic,Sarcastic,Literal,Literal,Sarcastic,Literal,Sarcastic,Literal,Literal,Sarcastic,Sarcastic,Literal,Literal,Sarcastic,Sarcastic,Literal,Literal,Sarcastic,Sarcastic,Literal,Literal,Sarcastic,Sarcastic,Literal,Literal,Sarcastic,Sarcastic,27,No,Yes,Yes,No,Yes,Yes,Yes,No,Yes,Yes,Yes,Yes,No,Yes,Yes,Yes,Yes,Yes,No,Yes,Yes,No,Yes,Yes,Yes,No,Yes,Yes,Yes,No,Yes,Yes,No,Yes,No,No,Yes,Yes,Yes,No,Yes,Yes,No,Yes,No,No,Yes,Yes,Yes,Yes,No,No,Yes,Yes,Yes,Yes,No,No,Yes,No,No,Yes,Yes,46
1422,p23,4,1,20,Female,Multiracial/Biracial,Currently enrolled in college,No,,Never,Never,1 - 2 times per week,More than 5 times per week,More than 5 times per week,1 - 2 times per week,1 - 2 times per week,1 - 2 times per week,4 - 5 times per week,4 - 5 times per week,More than 5 times per week,2 - 3 times per week,,,,,Sarcastic,Sarcastic,Literal,Sarcastic,Sarcastic,Literal,Literal,Sarcastic,Literal,Sarcastic,Literal,Literal,Sarcastic,Sarcastic,Literal,Literal,Sarcastic,Sarcastic,Literal,Literal,Sarcastic,Literal,Literal,Literal,Sarcastic,Sarcastic,Literal,Literal,Sarcastic,Sarcastic,Yes,Yes,Yes,No,Yes,No,Yes,No,Yes,Yes,Yes,Yes,Yes,Yes,Yes,Yes,Yes,Yes,No,Yes,Yes,No,Yes,Yes,Yes,No,Yes,Yes,Yes,Yes,Yes,Yes,No,Yes,Yes,Yes,Yes,Yes,Yes,No,Yes,Yes,Yes,Yes,No,No,Yes,Yes,Yes,Yes,No,No,Yes,Yes,Yes,Yes,Yes,Yes,Yes,Yes,No,Yes,Yes,,Definitely Agree,Somewhat Agree,Somewhat Agree,Neither Agree nor Disagree,Somewhat Agree,Somewhat Agree,Somewhat Agree,3,Somewhat Agree,Somewhat Disagree,Somewhat Agree,Somewhat Agree,Somewhat Disagree,Somewhat Agree,4,Definitely Agree,Somewhat Agree,Neither Agree nor Disagree,Somewhat Agree,Somewhat Agree,Definitely Agree,Neither Agree nor Disagree,3,Somewhat Disagree,Somewhat Agree,Somewhat Disagree,Somewhat Disagree,4,Somewhat Disagree,Neither Agree nor Disagree,Somewhat Agree,Neither Agree nor Disagree,Neither Agree nor Disagree,Definitely Agree,Somewhat Agree,Somewhat Disagree,Neither Agree nor Disagree,Somewhat Agree,Somewhat Agree,Somewhat Agree,Definitely Agree,Somewhat Agree,Yes,mandarin,Yes,5 (Native),3,,,since birth (for both),mom speaks mandarin & a lot of my friends know the language. everyone I know speaks english,english every day. mandarin only when talking to mom and occasionally with friends if i'm joking around or gossiping in public,21,34,14,20,0,150,24,21,26,28,29,22,Sarcastic,Literal,Literal,Sarcastic,Sarcastic,Literal,Literal,Sarcastic,Literal,Sarcastic,Literal,Literal,Sarcastic,Sarcastic,Literal,Literal,Sarcastic,Sarcastic,Literal,Literal,Sarcastic,Sarcastic,Literal,Literal,Sarcastic,Sarcastic,Literal,Literal,Sarcastic,Sarcastic,28,No,Yes,Yes,No,Yes,Yes,Yes,No,Yes,Yes,Yes,Yes,No,Yes,Yes,Yes,Yes,Yes,No,Yes,Yes,No,Yes,Yes,Yes,No,Yes,Yes,Yes,No,Yes,Yes,No,Yes,No,No,Yes,Yes,Yes,No,Yes,Yes,No,Yes,No,No,Yes,Yes,Yes,Yes,No,No,Yes,Yes,Yes,Yes,No,No,Yes,No,No,Yes,Yes,53
1189,p24,2,1,26,Female,Multiracial/Biracial,Bachelor's Degree,Yes,"Depression, anxiety",1 - 2 times per week,1 - 2 times per week,2 - 3 times per week,2 - 3 times per week,More than 5 times per week,More than 5 times per week,4 - 5 times per week,More than 5 times per week,More than 5 times per week,1 - 2 times per week,More than 5 times per week,More than 5 times per week,,,,,Sarcastic,Literal,Literal,Sarcastic,Literal,Literal,Literal,Sarcastic,Literal,Sarcastic,Literal,Literal,Sarcastic,Literal,Literal,Literal,Sarcastic,Sarcastic,Literal,Literal,Sarcastic,Sarcastic,Literal,Literal,Sarcastic,Sarcastic,Literal,Literal,Sarcastic,Sarcastic,No,Yes,Yes,No,Yes,Yes,Yes,No,Yes,Yes,Yes,Yes,No,Yes,Yes,Yes,Yes,Yes,No,Yes,Yes,No,Yes,Yes,Yes,No,Yes,Yes,Yes,No,Yes,Yes,No,Yes,No,No,Yes,Yes,Yes,Yes,Yes,Yes,No,Yes,No,No,Yes,Yes,Yes,Yes,No,No,Yes,Yes,Yes,Yes,No,No,Yes,No,No,No,Yes,Strongly agree,Neither Agree nor Disagree,Definitely Agree,Somewhat Agree,Somewhat Disagree,Somewhat Agree,Somewhat Disagree,Definitely Disagree,1,Somewhat Disagree,Definitely Disagree,Somewhat Agree,Definitely Disagree,Definitely Disagree,Definitely Disagree,1,Definitely Agree,Definitely Disagree,Somewhat Agree,Definitely Agree,Definitely Disagree,Definitely Disagree,Definitely Disagree,1,Somewhat Agree,Definitely Disagree,Somewhat Disagree,Somewhat Disagree,1,Definitely Disagree,Definitely Disagree,Somewhat Agree,Definitely Disagree,Definitely Disagree,Definitely Agree,Somewhat Disagree,Somewhat Agree,Definitely Disagree,Somewhat Agree,Neither Agree nor Disagree,Neither Agree nor Disagree,Somewhat Agree,Definitely Disagree,Yes,"Spanish, some German",Yes,5 (Native),3,1 (Very Little),,"Spanish-12
German-20","No, some of my friends speak spanish but usually we speak english to each other","English is the one i use the most, Spanish i use when others cant speak english/are having trouble communicating or when i need to translate, German I havent needed to speak in years.",26,46,20,26,0,97,8,12,18,22,12,25,Literal,Sarcastic,Sarcastic,Literal,Literal,Sarcastic,Sarcastic,Literal,Literal,Sarcastic,Sarcastic,Literal,Literal,Sarcastic,Sarcastic,Literal,Literal,Sarcastic,Sarcastic,Literal,Literal,Sarcastic,Sarcastic,Literal,Literal,Sarcastic,Sarcastic,Literal,Literal,Sarcastic,12,No,Yes,Yes,No,Yes,Yes,Yes,No,Yes,Yes,Yes,Yes,No,Yes,Yes,Yes,Yes,Yes,No,Yes,Yes,No,Yes,Yes,Yes,No,Yes,Yes,Yes,No,Yes,Yes,No,Yes,No,No,Yes,Yes,Yes,No,Yes,Yes,No,Yes,No,No,Yes,Yes,Yes,Yes,No,No,Yes,Yes,Yes,Yes,No,No,Yes,No,No,Yes,Yes,61
1885,p27,4,1,19,Male,White or Caucasian,Currently enrolled in college,No,,1 - 2 times per week,Never,1 - 2 times per week,2 - 3 times per week,More than 5 times per week,More than 5 times per week,1 - 2 times per week,Never,2 - 3 times per week,2 - 3 times per week,More than 5 times per week,More than 5 times per week,,,,,Sarcastic,Literal,Literal,Sarcastic,Literal,Literal,Literal,Sarcastic,Literal,Sarcastic,Literal,Literal,Sarcastic,Sarcastic,Literal,Literal,Sarcastic,Sarcastic,Literal,Literal,Sarcastic,Sarcastic,Literal,Literal,Sarcastic,Sarcastic,Literal,Literal,Sarcastic,Sarcastic,Yes,Yes,Yes,No,Yes,Yes,Yes,No,Yes,Yes,Yes,Yes,No,Yes,Yes,Yes,Yes,Yes,No,Yes,Yes,No,Yes,Yes,Yes,No,Yes,Yes,Yes,No,Yes,Yes,No,Yes,No,No,Yes,Yes,Yes,No,Yes,Yes,No,Yes,No,No,Yes,Yes,Yes,Yes,No,No,Yes,Yes,Yes,Yes,No,No,Yes,No,No,Yes,Yes,,Definitely Agree,Somewhat Agree,Somewhat Agree,Somewhat Disagree,Somewhat Agree,Somewhat Agree,Definitely Agree,2,Somewhat Agree,Somewhat Disagree,Somewhat Disagree,Neither Agree nor Disagree,Somewhat Agree,Somewhat Disagree,4,Somewhat Agree,Somewhat Agree,Definitely Disagree,Somewhat Agree,Definitely Agree,Neither Agree nor Disagree,Somewhat Disagree,3,Definitely Disagree,Somewhat Disagree,Definitely Disagree,Definitely Disagree,3,Somewhat Agree,Somewhat Agree,Somewhat Disagree,Somewhat Agree,Definitely Disagree,Somewhat Agree,Somewhat Agree,Definitely Disagree,Somewhat Disagree,Somewhat Agree,Somewhat Agree,Definitely Disagree,Definitely Agree,Somewhat Disagree,Yes,Italian (proficiently),Yes,5 (Native),1 (Very Little),,,"English - Native
Italian - 12 years old","Extended family speaks Italian, friends do not","I have used Italian almost exclusively in school, except for occasionally speaking Italian with my grandparents and my neighbor. I pretty much only use English in every-day life.",17,35,17,18,0,127,23,17,26,22,29,10,Sarcastic,Literal,Literal,Sarcastic,Sarcastic,Literal,Literal,Sarcastic,Literal,Sarcastic,Literal,Literal,Sarcastic,Sarcastic,Literal,Literal,Sarcastic,Sarcastic,Literal,Literal,Sarcastic,Sarcastic,Literal,Literal,Sarcastic,Sarcastic,Literal,Literal,Sarcastic,Sarcastic,29,No,Yes,Yes,No,Yes,Yes,Yes,No,Yes,Yes,Yes,Yes,No,Yes,Yes,Yes,Yes,Yes,No,Yes,Yes,No,Yes,Yes,Yes,No,Yes,Yes,Yes,No,Yes,Yes,No,Yes,No,No,Yes,Yes,Yes,No,Yes,Yes,No,Yes,No,No,Yes,Yes,Yes,Yes,No,No,Yes,Yes,Yes,Yes,No,No,Yes,No,No,Yes,Yes,62
1626,p28,1,1,19,Female,White or Caucasian,Currently enrolled in college,No,,More than 5 times per week,Once or twice a month,More than 5 times per week,More than 5 times per week,More than 5 times per week,More than 5 times per week,More than 5 times  per week,More than 5 times  per week,More than 5 times  per week,More than 5 times  per week,More than 5 times  per week,More than 5 times  per week,Definitely Agree,Somewhat Disagree,Somewhat Disagree,Somewhat Disagree,Literal,Sarcastic,Sarcastic,Sarcastic,Literal,Literal,Sarcastic,Sarcastic,Literal,Literal,Sarcastic,Sarcastic,Literal,Literal,Sarcastic,Sarcastic,Literal,Literal,Sarcastic,Sarcastic,Literal,Literal,Sarcastic,Sarcastic,Literal,Literal,Sarcastic,Sarcastic,Literal,Literal,No,Yes,Yes,No,Yes,No,No,No,Yes,Yes,Yes,Yes,No,Yes,Yes,Yes,Yes,Yes,No,No,Yes,No,Yes,No,Yes,No,Yes,Yes,Yes,No,Yes,Yes,No,No,No,No,Yes,Yes,Yes,No,Yes,Yes,No,Yes,No,No,Yes,Yes,No,Yes,No,Yes,Yes,Yes,No,Yes,No,No,Yes,No,No,Yes,No,Strongly agree,Definitely Agree,Definitely Agree,Somewhat Agree,Somewhat Disagree,Neither Agree nor Disagree,Definitely Disagree,Somewhat Disagree,2,Definitely Agree,Definitely Disagree,Somewhat Disagree,Somewhat Disagree,Definitely Disagree,Definitely Disagree,1,Neither Agree nor Disagree,Definitely Disagree,Definitely Disagree,Definitely Agree,Neither Agree nor Disagree,Neither Agree nor Disagree,Definitely Disagree,1,Definitely Disagree,Definitely Disagree,Definitely Disagree,Definitely Disagree,1,Definitely Disagree,Definitely Disagree,Somewhat Disagree,Definitely Disagree,Definitely Disagree,Definitely Agree,Definitely Disagree,Somewhat Disagree,Definitely Disagree,Somewhat Disagree,Neither Agree nor Disagree,Somewhat Disagree,Definitely Agree,Definitely Disagree,No,,,5 (Native),,NA,NA,,,,45,56,26,30,11,88,8,11,18,20,19,12,Literal,Literal,Sarcastic,Sarcastic,Literal,Literal,Sarcastic,Sarcastic,Literal,Literal,Sarcastic,Sarcastic,Literal,Literal,Sarcastic,Sarcastic,Literal,Literal,Sarcastic,Sarcastic,Literal,Literal,Sarcastic,Sarcastic,Literal,Literal,Sarcastic,Sarcastic,Literal,Literal,29,No,Yes,Yes,No,Yes,Yes,Yes,No,Yes,Yes,Yes,Yes,No,Yes,Yes,Yes,Yes,Yes,No,Yes,Yes,No,Yes,Yes,Yes,No,Yes,Yes,Yes,No,Yes,Yes,No,Yes,No,No,Yes,Yes,Yes,No,Yes,Yes,No,Yes,No,No,Yes,Yes,Yes,Yes,No,No,Yes,Yes,Yes,Yes,No,No,Yes,No,No,Yes,Yes,54
2539,p29,2,1,22,Female,Hispanic or Latino,Currently enrolled in college,Yes,Anxiety Disorder,1 - 2 times per week,Never,2 - 3 times per week,1 - 2 times per week,More than 5 times per week,More than 5 times per week,2 - 3 times per week,4-5 times per week,2 - 3 times per week,More than 5 times  per week,More than 5 times  per week,More than 5 times  per week,Somewhat Disagree,Definitely Disagree,Somewhat agree,Definitely Disagree,Literal,Sarcastic,Sarcastic,Literal,Literal,Sarcastic,Sarcastic,Literal,Sarcastic,Sarcastic,Literal,Literal,Literal,Sarcastic,Sarcastic,Literal,Literal,Sarcastic,Sarcastic,Literal,Literal,Sarcastic,Sarcastic,Literal,Literal,Sarcastic,Sarcastic,Literal,Literal,Sarcastic,No,Yes,Yes,No,Yes,Yes,Yes,No,Yes,Yes,Yes,Yes,No,Yes,Yes,Yes,Yes,Yes,No,Yes,Yes,No,Yes,Yes,Yes,No,Yes,Yes,Yes,No,Yes,Yes,Yes,Yes,No,Yes,Yes,Yes,Yes,No,Yes,Yes,No,Yes,Yes,No,Yes,Yes,Yes,Yes,No,No,Yes,Yes,Yes,Yes,No,Yes,Yes,No,No,Yes,No,,Definitely Agree,Definitely Agree,Somewhat Agree,Definitely Disagree,Neither Agree nor Disagree,Definitely Disagree,Definitely Disagree,1,Definitely Disagree,Definitely Disagree,Somewhat Agree,Neither Agree nor Disagree,Definitely Disagree,Somewhat Agree,2,Neither Agree nor Disagree,Somewhat Disagree,Definitely Disagree,Somewhat Agree,Somewhat Disagree,Somewhat Agree,Definitely Disagree,2,Definitely Disagree,Somewhat Agree,Definitely Disagree,Somewhat Disagree,1,Definitely Disagree,Definitely Disagree,Somewhat Agree,Somewhat Disagree,Somewhat Disagree,Somewhat Agree,Definitely Disagree,Definitely Disagree,Definitely Disagree,Somewhat Disagree,Somewhat Disagree,Definitely Disagree,Somewhat Disagree,Somewhat Disagree,Yes,Portuguese,Yes,5 (Native),5 (Native),NA,NA,I learned both English and Portuguese since I was a baby. Age 0.,"Yes, my family speaks both languages.",I use English the most but I speak both languages on a daily basis.,31,42,17,25,8,91,9,13,13,24,19,13,Literal,Sarcastic,Sarcastic,Literal,Literal,Sarcastic,Sarcastic,Literal,Literal,Sarcastic,Sarcastic,Literal,Literal,Sarcastic,Sarcastic,Literal,Literal,Sarcastic,Sarcastic,Literal,Literal,Sarcastic,Sarcastic,Literal,Literal,Sarcastic,Sarcastic,Literal,Literal,Sarcastic,28,No,Yes,Yes,No,Yes,Yes,Yes,No,Yes,Yes,Yes,Yes,No,Yes,Yes,Yes,Yes,Yes,No,Yes,Yes,No,Yes,Yes,Yes,No,Yes,Yes,Yes,No,Yes,Yes,No,Yes,No,No,Yes,Yes,Yes,No,Yes,Yes,No,Yes,No,No,Yes,Yes,Yes,Yes,No,No,Yes,Yes,Yes,Yes,No,No,Yes,No,No,Yes,Yes,58
2422,P30,3,1,21,Male,Hispanic or Latino,Bachelor's Degree,Yes,"bipolar depression, anxiety",Never,Never,Once or twice a month,1 - 2 times per week,More than 5 times per week,2 - 3 times per week,4-5 times per week,4-5 times per week,1 - 2 times per week,More than 5 times  per week,More than 5 times  per week,1 - 2 times per week,Neither agree or disagree,Somewhat agree,Somewhat agree,Definitely Agree,Sarcastic,Sarcastic,Literal,Literal,Sarcastic,Sarcastic,Literal,Literal,Sarcastic,Sarcastic,Literal,Literal,Sarcastic,Sarcastic,Literal,Literal,Sarcastic,Literal,Literal,Literal,Sarcastic,Sarcastic,Literal,Literal,Sarcastic,Sarcastic,Literal,Literal,Sarcastic,Sarcastic,Yes,Yes,Yes,No,Yes,Yes,Yes,No,Yes,Yes,Yes,Yes,No,Yes,Yes,Yes,Yes,Yes,No,Yes,Yes,No,Yes,Yes,Yes,No,Yes,Yes,Yes,No,Yes,Yes,Yes,Yes,No,No,Yes,Yes,Yes,No,Yes,Yes,Yes,Yes,No,No,Yes,Yes,Yes,Yes,No,No,Yes,Yes,Yes,Yes,No,No,Yes,No,No,Yes,Yes,Somewhat agree,Neither Agree nor Disagree,Definitely Disagree,Somewhat Disagree,Definitely Agree,Neither Agree nor Disagree,Neither Agree nor Disagree,Definitely Disagree,5,Somewhat Disagree,Somewhat Agree,Definitely Agree,Somewhat Disagree,Neither Agree nor Disagree,Definitely Disagree,4,Somewhat Disagree,Somewhat Agree,Somewhat Agree,Neither Agree nor Disagree,Definitely Disagree,Somewhat Disagree,Neither Agree nor Disagree,4,Neither Agree nor Disagree,Somewhat Disagree,Neither Agree nor Disagree,Definitely Disagree,4,Definitely Disagree,Definitely Agree,Definitely Disagree,Somewhat Disagree,Neither Agree nor Disagree,Definitely Disagree,Definitely Agree,Neither Agree nor Disagree,Somewhat Agree,Definitely Disagree,Definitely Disagree,Somewhat Agree,Definitely Disagree,Neither Agree nor Disagree,Yes,"Spanish, partly french",No,5 (Native),4,3,NA,"Spanish and English in childhood, spoke primarily Spanish until elementary school. French in high school.","Family speaks english and spanish. Friends only english, but some know some spanish from high school, same with french.",English everyday. Spanish whenever I see my family. I rarely use French.,24,33,11,22,16,115,31,23,14,10,12,25,Sarcastic,Sarcastic,Literal,Literal,Sarcastic,Sarcastic,Literal,Literal,Sarcastic,Sarcastic,Literal,Literal,Sarcastic,Sarcastic,Literal,Literal,Sarcastic,Sarcastic,Literal,Literal,Sarcastic,Sarcastic,Literal,Literal,Sarcastic,Sarcastic,Literal,Literal,Sarcastic,Sarcastic,29,No,Yes,Yes,No,Yes,Yes,Yes,No,Yes,Yes,Yes,Yes,No,Yes,Yes,Yes,Yes,Yes,No,Yes,Yes,No,Yes,Yes,Yes,No,Yes,Yes,Yes,No,Yes,Yes,No,Yes,No,No,Yes,Yes,Yes,No,Yes,Yes,No,Yes,No,No,Yes,Yes,Yes,Yes,No,No,Yes,Yes,Yes,Yes,No,No,Yes,No,No,Yes,Yes,60
3484,p31,4,1,19,Female,Black or African American,Currently enrolled in college,No,,1 - 2 times per week,Once or twice a month,2 - 3 times per week,4-5 times per week,4-5 times per week,4-5 times per week,2 - 3 times per week,4-5 times per week,4-5 times per week,4-5 times per week,4-5 times per week,4-5 times per week,Somewhat agree,Somewhat agree,Somewhat Disagree,Definitely Disagree,Sarcastic,Sarcastic,Literal,Sarcastic,Literal,Literal,Literal,Sarcastic,Literal,Sarcastic,Sarcastic,Literal,Sarcastic,Sarcastic,Literal,Literal,Sarcastic,Sarcastic,Literal,Literal,Sarcastic,Sarcastic,Literal,Literal,Sarcastic,Sarcastic,Literal,Literal,Sarcastic,Sarcastic,No,Yes,Yes,Yes,Yes,Yes,Yes,Yes,Yes,Yes,Yes,Yes,Yes,Yes,Yes,Yes,Yes,Yes,No,Yes,Yes,Yes,Yes,Yes,Yes,No,Yes,Yes,Yes,No,Yes,Yes,Yes,No,Yes,Yes,Yes,Yes,Yes,Yes,Yes,Yes,No,Yes,Yes,Yes,Yes,Yes,Yes,Yes,No,No,Yes,Yes,Yes,Yes,No,No,Yes,No,No,Yes,Yes,Strongly agree,Somewhat Agree,Somewhat Agree,Neither Agree nor Disagree,Somewhat Disagree,Somewhat Agree,Somewhat Agree,Somewhat Disagree,2,Somewhat Agree,Somewhat Disagree,Somewhat Agree,Neither Agree nor Disagree,Somewhat Disagree,Somewhat Agree,3,Somewhat Agree,Neither Agree nor Disagree,Somewhat Disagree,Somewhat Agree,Somewhat Disagree,Somewhat Disagree,Somewhat Disagree,1,Somewhat Disagree,Somewhat Disagree,Somewhat Disagree,Somewhat Disagree,2,Neither Agree nor Disagree,Neither Agree nor Disagree,Somewhat Disagree,Neither Agree nor Disagree,Somewhat Disagree,Somewhat Agree,Somewhat Disagree,Somewhat Disagree,Somewhat Disagree,Neither Agree nor Disagree,Neither Agree nor Disagree,Somewhat Disagree,Somewhat Disagree,Somewhat Disagree,Yes,Spanish,Yes,5 (Native),4,NA,NA,"English-as a baby
Spanish-8 years old",All of my family and friends speak English. Some cousins and friends speak Spanish. ,I use English the most. I use Spanish more consistently during the academic year.,30,41,18,23,11,112,17,15,23,23,18,16,Sarcastic,Literal,Literal,Sarcastic,Sarcastic,Literal,Literal,Sarcastic,Literal,Sarcastic,Literal,Literal,Sarcastic,Sarcastic,Literal,Literal,Sarcastic,Sarcastic,Literal,Literal,Sarcastic,Sarcastic,Literal,Literal,Sarcastic,Sarcastic,Literal,Literal,Sarcastic,Sarcastic,27,No,Yes,Yes,No,Yes,Yes,Yes,No,Yes,Yes,Yes,Yes,No,Yes,Yes,Yes,Yes,Yes,No,Yes,Yes,No,Yes,Yes,Yes,No,Yes,Yes,Yes,No,Yes,Yes,No,Yes,No,No,Yes,Yes,Yes,No,Yes,Yes,No,Yes,No,No,Yes,Yes,Yes,Yes,No,No,Yes,Yes,Yes,Yes,No,No,Yes,No,No,Yes,Yes,52
6486,p32,1,1,22,Female,White or Caucasian,Currently enrolled in college,Yes,"Depression, ADHD",1 - 2 times per week,Once or twice a month,2 - 3 times per week,More than 5 times per week,More than 5 times per week,More than 5 times per week,2 - 3 times per week,1 - 2 times per week,More than 5 times  per week,More than 5 times  per week,More than 5 times  per week,More than 5 times  per week,Neither agree or disagree,Somewhat Disagree,Somewhat Disagree,Definitely Disagree,Literal,Sarcastic,Sarcastic,Literal,Literal,Literal,Sarcastic,Sarcastic,Literal,Literal,Sarcastic,Sarcastic,Literal,Literal,Sarcastic,Sarcastic,Literal,Literal,Sarcastic,Literal,Literal,Literal,Sarcastic,Sarcastic,Literal,Literal,Sarcastic,Sarcastic,Literal,Literal,No,Yes,Yes,Yes,Yes,Yes,Yes,No,Yes,Yes,Yes,Yes,Yes,Yes,Yes,Yes,Yes,Yes,No,Yes,Yes,No,Yes,Yes,Yes,Yes,Yes,Yes,Yes,Yes,Yes,Yes,Yes,Yes,No,Yes,Yes,Yes,Yes,Yes,Yes,Yes,No,Yes,No,No,Yes,Yes,Yes,Yes,No,No,Yes,Yes,Yes,Yes,No,No,Yes,No,Yes,Yes,Yes,,Definitely Agree,Somewhat Disagree,Somewhat Disagree,Somewhat Disagree,Somewhat Agree,Somewhat Agree,Definitely Agree,1,Somewhat Agree,Somewhat Disagree,Somewhat Disagree,Somewhat Agree,Somewhat Disagree,Somewhat Disagree,3,Somewhat Agree,Somewhat Disagree,Somewhat Disagree,Somewhat Agree,Somewhat Disagree,Somewhat Disagree,Somewhat Disagree,2,Somewhat Disagree,Somewhat Agree,Somewhat Disagree,Somewhat Agree,3,Somewhat Disagree,Somewhat Disagree,Somewhat Agree,Somewhat Agree,Definitely Disagree,Somewhat Disagree,Somewhat Disagree,Somewhat Disagree,Somewhat Disagree,Somewhat Disagree,Somewhat Disagree,Neither Agree nor Disagree,Definitely Agree,Somewhat Disagree,No,,,5 (Native),,NA,NA,,,,35,46,21,25,8,114,15,15,20,18,29,17,Literal,Literal,Sarcastic,Sarcastic,Literal,Literal,Sarcastic,Sarcastic,Literal,Literal,Sarcastic,Sarcastic,Literal,Literal,Sarcastic,Sarcastic,Literal,Literal,Sarcastic,Sarcastic,Literal,Literal,Sarcastic,Sarcastic,Literal,Literal,Sarcastic,Sarcastic,Literal,Literal,27,No,Yes,Yes,No,Yes,Yes,Yes,No,Yes,Yes,Yes,Yes,No,Yes,Yes,Yes,Yes,Yes,No,Yes,Yes,No,Yes,Yes,Yes,No,Yes,Yes,Yes,No,Yes,Yes,No,Yes,No,No,Yes,Yes,Yes,No,Yes,Yes,No,Yes,No,No,Yes,Yes,Yes,Yes,No,No,Yes,Yes,Yes,Yes,No,No,Yes,No,No,Yes,Yes,55
2269,p33,2,1,21,Male,Asian or Pacific Islander,High school diploma or GED,No,,2 - 3 times per week,Never,More than 5 times per week,More than 5 times per week,More than 5 times per week,1 - 2 times per week,4-5 times per week,1 - 2 times per week,2 - 3 times per week,More than 5 times  per week,2 - 3 times per week,2 - 3 times per week,Somewhat agree,Somewhat Disagree,Somewhat Disagree,Somewhat agree,Sarcastic,Sarcastic,Sarcastic,Literal,Literal,Sarcastic,Sarcastic,Literal,Sarcastic,Sarcastic,Literal,Literal,Literal,Sarcastic,Sarcastic,Literal,Sarcastic,Sarcastic,Literal,Sarcastic,Literal,Sarcastic,Sarcastic,Literal,Sarcastic,Literal,Sarcastic,Literal,Literal,Sarcastic,Yes,Yes,Yes,No,Yes,Yes,Yes,No,Yes,Yes,Yes,Yes,No,Yes,Yes,Yes,Yes,Yes,No,Yes,Yes,No,Yes,Yes,Yes,Yes,Yes,Yes,Yes,No,Yes,Yes,No,Yes,No,Yes,Yes,Yes,Yes,No,Yes,Yes,No,Yes,No,No,Yes,Yes,Yes,Yes,No,No,Yes,Yes,Yes,Yes,No,No,Yes,No,No,Yes,Yes,,Somewhat Agree,Somewhat Disagree,Somewhat Disagree,Definitely Disagree,Neither Agree nor Disagree,Somewhat Disagree,Somewhat Agree,1,Somewhat Agree,Definitely Disagree,Definitely Disagree,Somewhat Agree,Definitely Disagree,Somewhat Disagree,1,Definitely Agree,Somewhat Disagree,Definitely Disagree,Somewhat Agree,Somewhat Disagree,Somewhat Disagree,Definitely Disagree,1,Definitely Disagree,Somewhat Disagree,Somewhat Disagree,Somewhat Agree,2,Definitely Disagree,Definitely Disagree,Definitely Disagree,Somewhat Disagree,Definitely Disagree,Somewhat Disagree,Definitely Disagree,Definitely Disagree,Definitely Disagree,Definitely Disagree,Somewhat Disagree,Definitely Disagree,Definitely Disagree,Definitely Disagree,Yes,Spanish,Yes,5 (Native),3,NA,NA,"English - native, Spanish - high school","My family does not, my friends do",Rarely. I use English always.,30,40,20,20,12,79,9,11,17,16,19,7,Literal,Sarcastic,Sarcastic,Literal,Literal,Sarcastic,Sarcastic,Literal,Literal,Sarcastic,Sarcastic,Literal,Literal,Sarcastic,Sarcastic,Literal,Literal,Sarcastic,Sarcastic,Literal,Literal,Sarcastic,Sarcastic,Literal,Literal,Sarcastic,Sarcastic,Literal,Literal,Sarcastic,22,No,Yes,Yes,No,Yes,Yes,Yes,No,Yes,Yes,Yes,Yes,No,Yes,Yes,Yes,Yes,Yes,No,Yes,Yes,No,Yes,Yes,Yes,No,Yes,Yes,Yes,No,Yes,Yes,No,Yes,No,No,Yes,Yes,Yes,No,Yes,Yes,No,Yes,No,No,Yes,Yes,Yes,Yes,No,No,Yes,Yes,Yes,Yes,No,No,Yes,No,No,Yes,Yes,60
1864,p35,4,1,23,Male,White or Caucasian,Bachelor's Degree,No,,1 - 2 times per week,1 - 2 times per week,2 - 3 times per week,Never,2 - 3 times per week,More than 5 times per week,1 - 2 times per week,4-5 times per week,2 - 3 times per week,2 - 3 times per week,2 - 3 times per week,More than 5 times  per week,Somewhat agree,Neither agree or disagree,Definitely Disagree,Definitely Disagree,Sarcastic,Literal,Literal,Sarcastic,Literal,Literal,Literal,Sarcastic,Literal,Sarcastic,Literal,Literal,Sarcastic,Sarcastic,Literal,Literal,Sarcastic,Sarcastic,Literal,Literal,Sarcastic,Sarcastic,Literal,Literal,Sarcastic,Sarcastic,Literal,Literal,Sarcastic,Sarcastic,No,Yes,Yes,No,Yes,Yes,Yes,No,Yes,Yes,Yes,Yes,No,Yes,Yes,Yes,Yes,Yes,No,Yes,Yes,No,Yes,Yes,Yes,No,Yes,Yes,Yes,No,Yes,Yes,No,Yes,No,No,Yes,Yes,Yes,No,Yes,Yes,No,Yes,No,No,Yes,Yes,Yes,Yes,No,No,Yes,Yes,Yes,Yes,No,No,Yes,No,No,Yes,Yes,,Somewhat Disagree,Somewhat Agree,Definitely Disagree,Definitely Disagree,Somewhat Agree,Somewhat Disagree,Definitely Disagree,1,Somewhat Disagree,Neither Agree nor Disagree,Definitely Disagree,Definitely Disagree,Definitely Disagree,Somewhat Disagree,1,Somewhat Disagree,Somewhat Disagree,Somewhat Disagree,Definitely Agree,Definitely Disagree,Definitely Disagree,Definitely Disagree,2,Definitely Disagree,Definitely Disagree,Definitely Disagree,Definitely Disagree,2,Neither Agree nor Disagree,Definitely Disagree,Definitely Disagree,Definitely Disagree,Definitely Disagree,Neither Agree nor Disagree,Somewhat Disagree,Definitely Disagree,Somewhat Disagree,Definitely Disagree,Neither Agree nor Disagree,Somewhat Agree,Definitely Disagree,Definitely Disagree,No,,,5 (Native),,NA,NA,,,,24,35,15,20,9,74,12,13,14,16,8,11,Sarcastic,Literal,Literal,Sarcastic,Sarcastic,Literal,Literal,Sarcastic,Literal,Sarcastic,Literal,Literal,Sarcastic,Sarcastic,Literal,Literal,Sarcastic,Sarcastic,Literal,Literal,Sarcastic,Sarcastic,Literal,Literal,Sarcastic,Sarcastic,Literal,Literal,Sarcastic,Sarcastic,29,No,Yes,Yes,No,Yes,Yes,Yes,No,Yes,Yes,Yes,Yes,No,Yes,Yes,Yes,Yes,Yes,No,Yes,Yes,No,Yes,Yes,Yes,No,Yes,Yes,Yes,No,Yes,Yes,No,Yes,No,No,Yes,Yes,Yes,No,Yes,Yes,No,Yes,No,No,Yes,Yes,Yes,Yes,No,No,Yes,Yes,Yes,Yes,No,No,Yes,No,No,Yes,Yes,63
11324,p36,1,1,20,Non-binary / third gender,White or Caucasian,Currently enrolled in college,Yes,"Bipolar 2, Generalized Anxiety Disorder, Autism & ADHD",1 - 2 times per week,Never,1 - 2 times per week,4-5 times per week,4-5 times per week,4-5 times per week,2 - 3 times per week,More than 5 times  per week,2 - 3 times per week,4-5 times per week,4-5 times per week,4-5 times per week,Somewhat Disagree,Somewhat agree,Definitely Agree,Neither agree or disagree,Literal,Literal,Sarcastic,Sarcastic,Literal,Literal,Sarcastic,Literal,Literal,Literal,Sarcastic,Sarcastic,Literal,Literal,Sarcastic,Literal,Literal,Literal,Sarcastic,Literal,Literal,Literal,Sarcastic,Literal,Literal,Literal,Sarcastic,Sarcastic,Literal,Literal,No,Yes,Yes,No,Yes,Yes,Yes,No,Yes,Yes,Yes,Yes,No,Yes,Yes,Yes,Yes,Yes,Yes,Yes,Yes,No,Yes,Yes,Yes,No,Yes,Yes,Yes,No,Yes,Yes,Yes,Yes,No,No,Yes,Yes,Yes,No,Yes,Yes,No,Yes,No,No,Yes,Yes,Yes,Yes,No,No,Yes,Yes,Yes,Yes,No,No,Yes,No,No,Yes,Yes,,Definitely Agree,Definitely Agree,Somewhat Agree,Definitely Agree,Definitely Agree,Definitely Agree,Somewhat Agree,1,Definitely Agree,Somewhat Disagree,Definitely Agree,Definitely Agree,Definitely Agree,Neither Agree nor Disagree,2,Definitely Agree,Neither Agree nor Disagree,Neither Agree nor Disagree,Somewhat Disagree,Somewhat Agree,Somewhat Agree,Somewhat Disagree,4,Somewhat Agree,Definitely Agree,Somewhat Disagree,Neither Agree nor Disagree,2,Somewhat Disagree,Neither Agree nor Disagree,Definitely Agree,Neither Agree nor Disagree,Somewhat Agree,Definitely Agree,Somewhat Agree,Definitely Agree,Somewhat Agree,Somewhat Disagree,Somewhat Agree,Definitely Agree,Somewhat Agree,Definitely Agree,Yes,Russian and German,Yes,5 (Native),3,2,NA,"Russian since I was born, German since I was 11",My parents speak Russian,"I speak Russian and English with my family, I use English the most and I rarely use my German",28,39,16,23,14,159,17,26,27,27,30,32,Literal,Literal,Sarcastic,Sarcastic,Literal,Literal,Sarcastic,Sarcastic,Literal,Literal,Sarcastic,Sarcastic,Literal,Literal,Sarcastic,Sarcastic,Literal,Literal,Sarcastic,Sarcastic,Literal,Literal,Sarcastic,Sarcastic,Literal,Literal,Sarcastic,Sarcastic,Literal,Literal,26,No,Yes,Yes,No,Yes,Yes,Yes,No,Yes,Yes,Yes,Yes,No,Yes,Yes,Yes,Yes,Yes,No,Yes,Yes,No,Yes,Yes,Yes,No,Yes,Yes,Yes,No,Yes,Yes,No,Yes,No,No,Yes,Yes,Yes,No,Yes,Yes,No,Yes,No,No,Yes,Yes,Yes,Yes,No,No,Yes,Yes,Yes,Yes,No,No,Yes,No,No,Yes,Yes,61
16348,p37,2,1,19,Female,Asian or Pacific Islander,Currently enrolled in college,No,,Never,Never,More than 5 times per week,More than 5 times per week,More than 5 times per week,More than 5 times per week,1 - 2 times per week,1 - 2 times per week,1 - 2 times per week,More than 5 times  per week,More than 5 times  per week,More than 5 times  per week,Somewhat Disagree,Somewhat agree,Somewhat Disagree,Somewhat agree,Sarcastic,Sarcastic,Sarcastic,Literal,Literal,Sarcastic,Literal,Literal,Literal,Sarcastic,Sarcastic,Literal,Literal,Literal,Literal,Literal,Literal,Sarcastic,Literal,Literal,Literal,Sarcastic,Literal,Literal,Literal,Sarcastic,Literal,Literal,Literal,Sarcastic,Yes,Yes,Yes,No,No,Yes,Yes,No,Yes,Yes,Yes,Yes,Yes,No,Yes,Yes,No,Yes,No,Yes,Yes,Yes,Yes,Yes,Yes,Yes,No,Yes,Yes,Yes,Yes,No,No,Yes,No,Yes,Yes,No,Yes,No,Yes,Yes,No,Yes,No,Yes,Yes,Yes,Yes,Yes,No,No,Yes,Yes,No,No,No,No,Yes,Yes,No,Yes,Yes,Neither agree nor disagree,Somewhat Agree,Somewhat Disagree,Somewhat Agree,Somewhat Disagree,Somewhat Agree,Somewhat Agree,Neither Agree nor Disagree,2,Definitely Agree,Somewhat Disagree,Definitely Agree,Somewhat Agree,Definitely Disagree,Neither Agree nor Disagree,2,Somewhat Agree,Neither Agree nor Disagree,Somewhat Disagree,Somewhat Agree,Neither Agree nor Disagree,Somewhat Disagree,Somewhat Agree,1,Somewhat Disagree,Somewhat Agree,Neither Agree nor Disagree,Somewhat Agree,2,Neither Agree nor Disagree,Somewhat Disagree,Somewhat Agree,Somewhat Agree,Neither Agree nor Disagree,Somewhat Disagree,Somewhat Disagree,Neither Agree nor Disagree,Definitely Disagree,Somewhat Disagree,Somewhat Agree,Somewhat Agree,Definitely Disagree,Somewhat Disagree,Yes,chinese,No,4,5 (Native),NA,NA,I start to learn how to speak Chinese since I was born. I start to study english while I attend primary school (about 6 years old). ,"My family speaks Chinese, but my step-dad only speak english, also majority of my friend speak Chinese as while. ",I speak Chinese and English every single day to talk with my parents and my friends. I use Chinese the most since most of the people I know uses it and its my native language. ,31,41,20,21,12,122,15,15,28,19,23,22,Literal,Sarcastic,Sarcastic,Literal,Literal,Sarcastic,Sarcastic,Literal,Literal,Sarcastic,Sarcastic,Literal,Literal,Sarcastic,Sarcastic,Literal,Literal,Sarcastic,Sarcastic,Literal,Literal,Sarcastic,Sarcastic,Literal,Literal,Sarcastic,Sarcastic,Literal,Literal,Sarcastic,23,No,Yes,Yes,No,Yes,Yes,Yes,No,Yes,Yes,Yes,Yes,No,Yes,Yes,Yes,Yes,Yes,No,Yes,Yes,No,Yes,Yes,Yes,No,Yes,Yes,Yes,No,Yes,Yes,No,Yes,No,No,Yes,Yes,Yes,No,Yes,Yes,No,Yes,No,No,Yes,Yes,Yes,Yes,No,No,Yes,Yes,Yes,Yes,No,No,Yes,No,No,Yes,Yes,47
1947,p38,3,1,20,Female,A race/ethnicity not listed here,Currently enrolled in college,No,,More than 5 times per week,4-5 times per week,More than 5 times per week,More than 5 times per week,More than 5 times per week,1 - 2 times per week,4-5 times per week,4-5 times per week,4-5 times per week,More than 5 times  per week,More than 5 times  per week,2 - 3 times per week,Definitely Agree,Definitely Disagree,Definitely Disagree,Somewhat Disagree,Sarcastic,Sarcastic,Literal,Literal,Sarcastic,Sarcastic,Literal,Literal,Sarcastic,Sarcastic,Literal,Literal,Sarcastic,Sarcastic,Literal,Literal,Sarcastic,Sarcastic,Literal,Literal,Sarcastic,Sarcastic,Literal,Literal,Sarcastic,Sarcastic,Literal,Literal,Sarcastic,Sarcastic,Yes,Yes,Yes,No,Yes,Yes,Yes,No,Yes,Yes,Yes,Yes,Yes,Yes,Yes,Yes,Yes,Yes,Yes,Yes,Yes,No,Yes,Yes,Yes,No,Yes,Yes,Yes,No,Yes,Yes,Yes,No,No,Yes,Yes,Yes,Yes,No,Yes,Yes,No,Yes,Yes,No,Yes,Yes,Yes,Yes,No,No,Yes,Yes,Yes,Yes,No,No,Yes,No,No,Yes,Yes,,Definitely Agree,Neither Agree nor Disagree,Somewhat Disagree,Somewhat Disagree,Neither Agree nor Disagree,Neither Agree nor Disagree,Somewhat Disagree,1,Somewhat Agree,Definitely Disagree,Somewhat Agree,Somewhat Agree,Definitely Disagree,Somewhat Disagree,1,Somewhat Agree,Definitely Disagree,Somewhat Disagree,Definitely Agree,Somewhat Disagree,Somewhat Disagree,Definitely Disagree,1,Somewhat Disagree,Definitely Disagree,Neither Agree nor Disagree,Definitely Disagree,1,Definitely Disagree,Definitely Disagree,Somewhat Disagree,Definitely Agree,Definitely Disagree,Somewhat Agree,Definitely Disagree,Somewhat Disagree,Definitely Disagree,Somewhat Agree,Definitely Disagree,Definitely Disagree,Definitely Agree,Definitely Disagree,Yes,"Arabic, French",No,5 (Native),5 (Native),3,NA,"English & Arabic - since preschool
French - Since the age of 9","My entire family speaks Arabic, my mother speaks French. My friends back home speak Arabic, and some in Boston do as well (those from Arab countries).","I speak English and Arabic every day, French most days.",20,51,26,25,9,94,7,13,16,19,24,15,Sarcastic,Sarcastic,Literal,Literal,Sarcastic,Sarcastic,Literal,Literal,Sarcastic,Sarcastic,Literal,Literal,Sarcastic,Sarcastic,Literal,Literal,Sarcastic,Sarcastic,Literal,Literal,Sarcastic,Sarcastic,Literal,Literal,Sarcastic,Sarcastic,Literal,Literal,Sarcastic,Sarcastic,30,No,Yes,Yes,No,Yes,Yes,Yes,No,Yes,Yes,Yes,Yes,No,Yes,Yes,Yes,Yes,Yes,No,Yes,Yes,No,Yes,Yes,Yes,No,Yes,Yes,Yes,No,Yes,Yes,No,Yes,No,No,Yes,Yes,Yes,No,Yes,Yes,No,Yes,No,No,Yes,Yes,Yes,Yes,No,No,Yes,Yes,Yes,Yes,No,No,Yes,No,No,Yes,Yes,56
3113,p39,4,1,20,Female,Multiracial/Biracial,Currently enrolled in college,Yes,"ocd, general anxiety disorder ",2 - 3 times per week,1 - 2 times per week,4-5 times per week,2 - 3 times per week,More than 5 times per week,1 - 2 times per week,2 - 3 times per week,More than 5 times  per week,2 - 3 times per week,2 - 3 times per week,4-5 times per week,2 - 3 times per week,Somewhat agree,Somewhat Disagree,Neither agree or disagree,Somewhat Disagree,Sarcastic,Literal,Literal,Sarcastic,Literal,Literal,Literal,Sarcastic,Literal,Sarcastic,Literal,Literal,Sarcastic,Sarcastic,Literal,Literal,Sarcastic,Sarcastic,Literal,Literal,Sarcastic,Literal,Literal,Literal,Sarcastic,Sarcastic,Literal,Literal,Sarcastic,Sarcastic,No,Yes,Yes,No,Yes,Yes,Yes,No,Yes,Yes,Yes,Yes,No,Yes,Yes,Yes,Yes,Yes,No,Yes,Yes,No,Yes,Yes,Yes,No,Yes,Yes,Yes,No,Yes,Yes,No,Yes,No,No,Yes,Yes,Yes,No,Yes,Yes,No,Yes,No,No,Yes,Yes,Yes,Yes,No,No,Yes,Yes,Yes,Yes,No,No,Yes,No,No,No,Yes,Strongly agree,Somewhat Agree,Somewhat Agree,Somewhat Agree,Somewhat Disagree,Somewhat Agree,Definitely Disagree,Definitely Disagree,2,Somewhat Agree,Somewhat Disagree,Somewhat Disagree,Neither Agree nor Disagree,Definitely Disagree,Somewhat Disagree,2,Somewhat Disagree,Neither Agree nor Disagree,Somewhat Disagree,Definitely Agree,Definitely Disagree,Definitely Disagree,Somewhat Disagree,2,Somewhat Agree,Definitely Disagree,Definitely Disagree,Somewhat Disagree,2,Somewhat Agree,Somewhat Disagree,Definitely Disagree,Definitely Disagree,Definitely Disagree,Somewhat Disagree,Neither Agree nor Disagree,Definitely Agree,Definitely Disagree,Somewhat Disagree,Somewhat Disagree,Neither Agree nor Disagree,Definitely Disagree,Definitely Disagree,Yes,Spanish,Yes,5 (Native),3,,NA,"English- since birth
Spanish- throughout my life, but formally around 11",My family and friends both speak English. Some of my family speaks Spanish.,I use English everyday. I use Spanish somewhat often.,28,40,19,21,11,95,16,12,19,17,12,19,Sarcastic,Literal,Literal,Sarcastic,Sarcastic,Literal,Literal,Sarcastic,Literal,Sarcastic,Literal,Literal,Sarcastic,Sarcastic,Literal,Literal,Sarcastic,Sarcastic,Literal,Literal,Sarcastic,Sarcastic,Literal,Literal,Sarcastic,Sarcastic,Literal,Literal,Sarcastic,Sarcastic,28,No,Yes,Yes,No,Yes,Yes,Yes,No,Yes,Yes,Yes,Yes,No,Yes,Yes,Yes,Yes,Yes,No,Yes,Yes,No,Yes,Yes,Yes,No,Yes,Yes,Yes,No,Yes,Yes,No,Yes,No,No,Yes,Yes,Yes,No,Yes,Yes,No,Yes,No,No,Yes,Yes,Yes,Yes,No,No,Yes,Yes,Yes,Yes,No,No,Yes,No,No,Yes,Yes,62
14260,p40,1,1,19,Female,Black or African American,Currently enrolled in college,No,,2 - 3 times per week,Never,4-5 times per week,More than 5 times per week,More than 5 times per week,2 - 3 times per week,4-5 times per week,More than 5 times  per week,More than 5 times  per week,More than 5 times  per week,More than 5 times  per week,4-5 times per week,Definitely Agree,Neither agree or disagree,Somewhat agree,Definitely Disagree,Literal,Literal,Sarcastic,Sarcastic,Literal,Literal,Sarcastic,Sarcastic,Literal,Literal,Sarcastic,Sarcastic,Sarcastic,Literal,Sarcastic,Sarcastic,Literal,Literal,Sarcastic,Sarcastic,Literal,Literal,Sarcastic,Sarcastic,Literal,Literal,Sarcastic,Sarcastic,Literal,Literal,No,Yes,Yes,No,Yes,Yes,Yes,No,Yes,Yes,Yes,Yes,Yes,Yes,Yes,Yes,Yes,Yes,No,Yes,Yes,No,Yes,Yes,Yes,No,Yes,Yes,Yes,No,Yes,Yes,No,Yes,Yes,No,Yes,Yes,Yes,Yes,Yes,Yes,No,Yes,No,No,Yes,Yes,Yes,Yes,No,No,Yes,Yes,Yes,Yes,No,No,Yes,No,No,Yes,Yes,Somewhat agree,Somewhat Agree,Somewhat Agree,Somewhat Disagree,Neither Agree nor Disagree,Neither Agree nor Disagree,Somewhat Disagree,Somewhat Disagree,2,Definitely Disagree,Definitely Disagree,Somewhat Agree,Somewhat Disagree,Somewhat Disagree,Somewhat Disagree,2,Somewhat Disagree,Neither Agree nor Disagree,Definitely Disagree,Somewhat Agree,Definitely Disagree,Definitely Disagree,Definitely Disagree,2,Definitely Disagree,Definitely Disagree,Definitely Disagree,Definitely Disagree,1,Definitely Disagree,Definitely Disagree,Somewhat Disagree,Definitely Disagree,Definitely Disagree,Neither Agree nor Disagree,Somewhat Disagree,Somewhat Disagree,Somewhat Disagree,Definitely Disagree,Somewhat Disagree,Somewhat Disagree,Somewhat Disagree,Definitely Disagree,No,,,5 (Native),1 (Very Little),,NA,,,,15,48,20,28,13,79,12,13,11,15,13,15,Literal,Literal,Sarcastic,Sarcastic,Literal,Literal,Sarcastic,Sarcastic,Literal,Literal,Sarcastic,Sarcastic,Literal,Literal,Sarcastic,Sarcastic,Literal,Literal,Sarcastic,Sarcastic,Literal,Literal,Sarcastic,Sarcastic,Literal,Literal,Sarcastic,Sarcastic,Literal,Literal,29,No,Yes,Yes,No,Yes,Yes,Yes,No,Yes,Yes,Yes,Yes,No,Yes,Yes,Yes,Yes,Yes,No,Yes,Yes,No,Yes,Yes,Yes,No,Yes,Yes,Yes,No,Yes,Yes,No,Yes,No,No,Yes,Yes,Yes,No,Yes,Yes,No,Yes,No,No,Yes,Yes,Yes,Yes,No,No,Yes,Yes,Yes,Yes,No,No,Yes,No,No,Yes,Yes,60
2371,p41,2,1,19,Female,White or Caucasian,Currently enrolled in college,No,,1 - 2 times per week,2 - 3 times per week,More than 5 times per week,More than 5 times per week,More than 5 times per week,2 - 3 times per week,More than 5 times  per week,4-5 times per week,More than 5 times  per week,More than 5 times  per week,More than 5 times  per week,2 - 3 times per week,Somewhat agree,Somewhat Disagree,Definitely Disagree,Definitely Disagree,Literal,Sarcastic,Literal,Literal,Literal,Sarcastic,Literal,Literal,Sarcastic,Sarcastic,Literal,Literal,Literal,Sarcastic,Sarcastic,Literal,Literal,Sarcastic,Literal,Literal,Literal,Sarcastic,Sarcastic,Literal,Literal,Sarcastic,Sarcastic,Literal,Literal,Sarcastic,,Yes,Yes,No,Yes,No,Yes,No,Yes,Yes,Yes,Yes,No,No,Yes,Yes,Yes,Yes,No,Yes,Yes,No,Yes,Yes,Yes,No,Yes,Yes,Yes,No,Yes,Yes,No,No,No,Yes,Yes,Yes,No,No,No,Yes,No,Yes,No,No,Yes,Yes,Yes,Yes,No,No,Yes,Yes,Yes,Yes,Yes,No,Yes,No,No,Yes,Yes,,Somewhat Agree,Somewhat Agree,Somewhat Agree,Definitely Disagree,Somewhat Agree,Definitely Disagree,Somewhat Agree,1,Somewhat Disagree,Definitely Disagree,Definitely Agree,Definitely Disagree,Definitely Disagree,Definitely Agree,1,Somewhat Agree,Somewhat Disagree,Somewhat Agree,Somewhat Agree,Somewhat Agree,Somewhat Agree,Definitely Disagree,2,Definitely Disagree,Somewhat Agree,Definitely Disagree,Definitely Agree,1,Somewhat Disagree,Definitely Disagree,Neither Agree nor Disagree,Somewhat Disagree,Definitely Disagree,Somewhat Agree,Definitely Disagree,Somewhat Disagree,Definitely Disagree,Definitely Disagree,Somewhat Disagree,Definitely Disagree,Somewhat Agree,Definitely Disagree,Yes,Turkish,No,5 (Native),5 (Native),,NA,"Turkish - Native language (age 0-1)
English - age 11-12",Yes,I use both Turkish and English every day. ,12,50,23,27,8,102,8,11,16,27,23,17,Literal,Sarcastic,Sarcastic,Literal,Literal,Sarcastic,Sarcastic,Literal,Literal,Sarcastic,Sarcastic,Literal,Literal,Sarcastic,Sarcastic,Literal,Literal,Sarcastic,Sarcastic,Literal,Literal,Sarcastic,Sarcastic,Literal,Literal,Sarcastic,Sarcastic,Literal,Literal,Sarcastic,25,No,Yes,Yes,No,Yes,Yes,Yes,No,Yes,Yes,Yes,Yes,No,Yes,Yes,Yes,Yes,Yes,No,Yes,Yes,No,Yes,Yes,Yes,No,Yes,Yes,Yes,No,Yes,Yes,No,Yes,No,No,Yes,Yes,Yes,No,Yes,Yes,No,Yes,No,No,Yes,Yes,Yes,Yes,No,No,Yes,Yes,Yes,Yes,No,No,Yes,No,No,Yes,Yes,55
4382,p42,3,1,18,Female,Multiracial/Biracial,Currently enrolled in college,Yes,anxiety and depression,1 - 2 times per week,Once or twice a month,More than 5 times per week,More than 5 times per week,More than 5 times per week,More than 5 times per week,Once or twice a month,2 - 3 times per week,4-5 times per week,More than 5 times  per week,More than 5 times  per week,More than 5 times  per week,Somewhat agree,Neither agree or disagree,Somewhat agree,Somewhat agree,Sarcastic,Sarcastic,Literal,Literal,Sarcastic,Sarcastic,Literal,Literal,Sarcastic,Sarcastic,Literal,Literal,Literal,Sarcastic,Literal,Literal,Sarcastic,Sarcastic,Literal,Literal,Sarcastic,Sarcastic,Literal,Literal,Sarcastic,Sarcastic,Literal,Literal,Sarcastic,Sarcastic,No,Yes,Yes,Yes,No,No,Yes,No,Yes,No,Yes,Yes,No,No,Yes,Yes,Yes,Yes,No,Yes,Yes,No,No,Yes,Yes,No,Yes,Yes,Yes,No,Yes,Yes,No,No,No,No,Yes,Yes,No,No,Yes,Yes,No,Yes,No,No,Yes,Yes,Yes,Yes,No,No,Yes,Yes,Yes,Yes,No,No,Yes,No,No,No,Yes,,Somewhat Disagree,Neither Agree nor Disagree,Somewhat Disagree,Somewhat Agree,Definitely Agree,Definitely Disagree,Somewhat Agree,2,Definitely Disagree,Somewhat Disagree,Somewhat Agree,Definitely Disagree,Definitely Disagree,Neither Agree nor Disagree,2,Somewhat Agree,Neither Agree nor Disagree,Somewhat Disagree,Definitely Agree,Somewhat Agree,Somewhat Disagree,Definitely Disagree,1,Somewhat Disagree,Somewhat Disagree,Somewhat Disagree,Somewhat Agree,3,Definitely Disagree,Somewhat Disagree,Somewhat Agree,Somewhat Agree,Definitely Disagree,Neither Agree nor Disagree,Somewhat Disagree,Somewhat Agree,Somewhat Disagree,Definitely Disagree,Definitely Disagree,Somewhat Agree,Definitely Agree,Definitely Disagree,Yes,"French, Indonesian",No,5 (Native),3,4,NA,"Indonesian - 1 or 2 yrs old, first language
French - 4 or 5 years old
English 3 or 4 years old","yes my mother speaks Indonesian, my father speaks French. my closest friends don't speak these languages but I am in the Indonesian student association and they frequently speak Indonesian, I have one friend who speaks French but I mainly use English with her.","I use English the most by far, I text my dad in French and occasionally speak French to him over the phone, I text my mom in Indonesian and call her in Indonesian and I use Indonesian with some club friends but this only happens 1-2 times a week.",16,46,23,23,15,107,16,13,11,21,22,24,Sarcastic,Sarcastic,Literal,Literal,Sarcastic,Sarcastic,Literal,Literal,Sarcastic,Sarcastic,Literal,Literal,Sarcastic,Sarcastic,Literal,Literal,Sarcastic,Sarcastic,Literal,Literal,Sarcastic,Sarcastic,Literal,Literal,Sarcastic,Sarcastic,Literal,Literal,Sarcastic,Sarcastic,29,No,Yes,Yes,No,Yes,Yes,Yes,No,Yes,Yes,Yes,Yes,No,Yes,Yes,Yes,Yes,Yes,No,Yes,Yes,No,Yes,Yes,Yes,No,Yes,Yes,Yes,No,Yes,Yes,No,Yes,No,No,Yes,Yes,Yes,No,Yes,Yes,No,Yes,No,No,Yes,Yes,Yes,Yes,No,No,Yes,Yes,Yes,Yes,No,No,Yes,No,No,Yes,Yes,54
3109,p43,4,1,19,Female,Asian or Pacific Islander,Currently enrolled in college,No,,1 - 2 times per week,Never,More than 5 times per week,More than 5 times per week,More than 5 times per week,2 - 3 times per week,1 - 2 times per week,1 - 2 times per week,More than 5 times  per week,1 - 2 times per week,More than 5 times  per week,1 - 2 times per week,Somewhat agree,Somewhat Disagree,Neither agree or disagree,Somewhat agree,Sarcastic,Sarcastic,Literal,Sarcastic,Sarcastic,Literal,Literal,Sarcastic,Literal,Sarcastic,Literal,Literal,Sarcastic,Sarcastic,Literal,Literal,Sarcastic,Literal,Literal,Literal,Literal,Sarcastic,Literal,Literal,Sarcastic,Sarcastic,Literal,Literal,Sarcastic,Sarcastic,No,Yes,Yes,No,Yes,No,Yes,No,Yes,Yes,Yes,Yes,No,No,Yes,Yes,Yes,Yes,No,Yes,Yes,No,Yes,Yes,Yes,No,Yes,Yes,Yes,No,Yes,Yes,No,No,No,No,Yes,Yes,Yes,No,Yes,Yes,No,Yes,No,No,Yes,Yes,Yes,Yes,No,No,Yes,Yes,Yes,Yes,No,No,Yes,No,No,No,Yes,Neither agree nor disagree,Definitely Agree,Somewhat Agree,Somewhat Disagree,Definitely Disagree,Somewhat Disagree,Neither Agree nor Disagree,Definitely Disagree,2,Somewhat Agree,Neither Agree nor Disagree,Definitely Disagree,Definitely Disagree,Somewhat Disagree,Definitely Disagree,2,Somewhat Agree,Somewhat Disagree,Somewhat Disagree,Definitely Agree,Definitely Disagree,Definitely Disagree,Definitely Disagree,2,Definitely Disagree,Definitely Disagree,Somewhat Disagree,Definitely Disagree,2,Definitely Disagree,Definitely Disagree,Definitely Disagree,Somewhat Disagree,Definitely Disagree,Somewhat Disagree,Somewhat Disagree,Definitely Disagree,Definitely Disagree,Somewhat Agree,Definitely Disagree,Definitely Disagree,Definitely Disagree,Definitely Disagree,Yes,"Gujarati, Marathi, Hindi, French",Yes,5 (Native),5 (Native),4,3,"English, Gujarati, Marathi, and Hindi at the start (2-5 yrs).
French at 13 yrs old","My family speak all the languages I do except French. My friends speak certain combinations of these languages, but all speak English.","I use English and Gujarati the most. 
I use English, Gujarati and Hindi on a daily basis.
I use French and Marathi only occasionally.",13,38,20,18,13,79,14,14,16,15,12,8,Sarcastic,Literal,Literal,Sarcastic,Sarcastic,Literal,Literal,Sarcastic,Literal,Sarcastic,Literal,Literal,Sarcastic,Sarcastic,Literal,Literal,Sarcastic,Sarcastic,Literal,Literal,Sarcastic,Sarcastic,Literal,Literal,Sarcastic,Sarcastic,Literal,Literal,Sarcastic,Sarcastic,27,No,Yes,Yes,No,Yes,Yes,Yes,No,Yes,Yes,Yes,Yes,No,Yes,Yes,Yes,Yes,Yes,No,Yes,Yes,No,Yes,Yes,Yes,No,Yes,Yes,Yes,No,Yes,Yes,No,Yes,No,No,Yes,Yes,Yes,No,Yes,Yes,No,Yes,No,No,Yes,Yes,Yes,Yes,No,No,Yes,Yes,Yes,Yes,No,No,Yes,No,No,Yes,Yes,59
2769,p44,1,1,19,Female,Multiracial/Biracial,Currently enrolled in college,No,,Never,Never,1 - 2 times per week,1 - 2 times per week,2 - 3 times per week,1 - 2 times per week,More than 5 times  per week,4-5 times per week,More than 5 times  per week,2 - 3 times per week,4-5 times per week,4-5 times per week,Somewhat agree,Somewhat Disagree,Neither agree or disagree,Somewhat Disagree,Literal,Sarcastic,Sarcastic,Sarcastic,Literal,Sarcastic,Sarcastic,Sarcastic,Literal,Literal,Sarcastic,Sarcastic,Literal,Literal,Sarcastic,Sarcastic,Literal,Literal,Sarcastic,Sarcastic,Literal,Literal,Sarcastic,Sarcastic,Literal,Sarcastic,Sarcastic,Sarcastic,Literal,Literal,Yes,No,Yes,Yes,No,No,No,No,No,Yes,Yes,Yes,Yes,Yes,Yes,Yes,Yes,No,Yes,Yes,Yes,No,No,No,Yes,No,No,Yes,Yes,No,Yes,Yes,No,No,No,Yes,Yes,Yes,Yes,Yes,Yes,Yes,No,Yes,No,No,No,Yes,Yes,Yes,No,No,Yes,No,No,No,No,No,Yes,No,No,Yes,Yes,,Neither Agree nor Disagree,Neither Agree nor Disagree,Somewhat Disagree,Somewhat Disagree,Somewhat Agree,Definitely Disagree,Somewhat Disagree,3,Somewhat Disagree,Neither Agree nor Disagree,Neither Agree nor Disagree,Neither Agree nor Disagree,Definitely Disagree,Neither Agree nor Disagree,3,Neither Agree nor Disagree,Somewhat Disagree,Somewhat Disagree,Definitely Agree,Neither Agree nor Disagree,Neither Agree nor Disagree,Definitely Disagree,2,Neither Agree nor Disagree,Somewhat Agree,Neither Agree nor Disagree,Somewhat Disagree,3,Somewhat Disagree,Somewhat Disagree,Neither Agree nor Disagree,Somewhat Agree,Somewhat Disagree,Definitely Agree,Neither Agree nor Disagree,Somewhat Disagree,Neither Agree nor Disagree,Neither Agree nor Disagree,Somewhat Disagree,Somewhat Disagree,Somewhat Agree,Somewhat Disagree,Yes,Spanish,Yes,5 (Native),3,,NA,English was my first language. I learned Spanish when I was six years old.,My whole family speaks English. Half of my family speaks Spanish. Some of my friends speak Spanish also.,"I speak English every single day this is the main language I use, I only speak Spanish when I have to.",17,34,9,25,11,113,19,18,13,23,23,17,Literal,Literal,Sarcastic,Sarcastic,Literal,Literal,Sarcastic,Sarcastic,Literal,Literal,Sarcastic,Sarcastic,Literal,Literal,Sarcastic,Sarcastic,Literal,Literal,Sarcastic,Sarcastic,Literal,Literal,Sarcastic,Sarcastic,Literal,Literal,Sarcastic,Sarcastic,Literal,Literal,27,No,Yes,Yes,No,Yes,Yes,Yes,No,Yes,Yes,Yes,Yes,No,Yes,Yes,Yes,Yes,Yes,No,Yes,Yes,No,Yes,Yes,Yes,No,Yes,Yes,Yes,No,Yes,Yes,No,Yes,No,No,Yes,Yes,Yes,No,Yes,Yes,No,Yes,No,No,Yes,Yes,Yes,Yes,No,No,Yes,Yes,Yes,Yes,No,No,Yes,No,No,Yes,Yes,43
2166,p45,1,1,21,Female,White or Caucasian,High school diploma or GED,No,,4-5 times per week,Never,4-5 times per week,1 - 2 times per week,More than 5 times per week,More than 5 times per week,4-5 times per week,More than 5 times  per week,4-5 times per week,2 - 3 times per week,More than 5 times  per week,4-5 times per week,Somewhat agree,Neither agree or disagree,Somewhat Disagree,Definitely Disagree,Literal,Sarcastic,Sarcastic,Sarcastic,Literal,Literal,Sarcastic,Literal,Sarcastic,Literal,Sarcastic,Sarcastic,Literal,Literal,Literal,Sarcastic,Literal,Literal,Sarcastic,Literal,Literal,Literal,Sarcastic,Sarcastic,Literal,Literal,Sarcastic,Sarcastic,Literal,Literal,No,Yes,Yes,Yes,Yes,No,Yes,No,Yes,Yes,Yes,Yes,No,Yes,Yes,Yes,Yes,Yes,No,Yes,Yes,No,Yes,No,Yes,No,No,Yes,Yes,No,Yes,Yes,Yes,No,Yes,No,Yes,Yes,No,No,No,Yes,No,Yes,No,No,Yes,Yes,Yes,Yes,No,No,Yes,Yes,Yes,Yes,No,No,Yes,No,No,No,No,Strongly agree,Neither Agree nor Disagree,Somewhat Agree,Neither Agree nor Disagree,Somewhat Disagree,Neither Agree nor Disagree,Somewhat Disagree,Definitely Disagree,2,Neither Agree nor Disagree,Neither Agree nor Disagree,Neither Agree nor Disagree,Neither Agree nor Disagree,Somewhat Disagree,Somewhat Disagree,3,Somewhat Agree,Neither Agree nor Disagree,Somewhat Disagree,Somewhat Agree,Somewhat Disagree,Neither Agree nor Disagree,Definitely Disagree,2,Somewhat Disagree,Neither Agree nor Disagree,Definitely Disagree,Somewhat Agree,3,Somewhat Disagree,Somewhat Disagree,Definitely Disagree,Somewhat Disagree,Neither Agree nor Disagree,Neither Agree nor Disagree,Neither Agree nor Disagree,Somewhat Disagree,Somewhat Disagree,Definitely Disagree,Neither Agree nor Disagree,Somewhat Disagree,Somewhat Agree,Somewhat Disagree,Yes,"ASL, Hebrew",Yes,5 (Native),4,3,NA,"English-Birth
Hebrew-age 5
ASL - 15",yes,"everyday, English most",28,45,20,25,10,105,19,16,18,20,18,14,Literal,Literal,Sarcastic,Sarcastic,Literal,Literal,Sarcastic,Sarcastic,Literal,Literal,Sarcastic,Sarcastic,Literal,Literal,Sarcastic,Sarcastic,Literal,Literal,Sarcastic,Sarcastic,Literal,Literal,Sarcastic,Sarcastic,Literal,Literal,Sarcastic,Sarcastic,Literal,Literal,25,No,Yes,Yes,No,Yes,Yes,Yes,No,Yes,Yes,Yes,Yes,No,Yes,Yes,Yes,Yes,Yes,No,Yes,Yes,No,Yes,Yes,Yes,No,Yes,Yes,Yes,No,Yes,Yes,No,Yes,No,No,Yes,Yes,Yes,No,Yes,Yes,No,Yes,No,No,Yes,Yes,Yes,Yes,No,No,Yes,Yes,Yes,Yes,No,No,Yes,No,No,Yes,Yes,52
1470,p47,2,1,18,Female,White or Caucasian,Currently enrolled in college,No,,2 - 3 times per week,Never,More than 5 times per week,More than 5 times per week,More than 5 times per week,2 - 3 times per week,More than 5 times  per week,More than 5 times  per week,4-5 times per week,More than 5 times  per week,More than 5 times  per week,2 - 3 times per week,Definitely Agree,Definitely Disagree,Definitely Disagree,Definitely Disagree,Sarcastic,Sarcastic,Sarcastic,Literal,Literal,Sarcastic,Sarcastic,Literal,Sarcastic,Sarcastic,Sarcastic,Literal,Literal,Sarcastic,Literal,Literal,Literal,Sarcastic,Sarcastic,Literal,Literal,Sarcastic,Sarcastic,Literal,Literal,Sarcastic,Sarcastic,Literal,Literal,Sarcastic,No,Yes,Yes,No,Yes,Yes,Yes,No,Yes,Yes,Yes,Yes,No,Yes,Yes,Yes,Yes,Yes,No,Yes,Yes,No,Yes,Yes,Yes,No,Yes,Yes,Yes,No,Yes,Yes,No,Yes,No,No,Yes,Yes,Yes,No,Yes,Yes,No,Yes,No,No,Yes,Yes,Yes,Yes,No,No,Yes,Yes,Yes,Yes,No,No,Yes,No,No,Yes,Yes,,Somewhat Disagree,Definitely Agree,Definitely Disagree,Definitely Disagree,Somewhat Agree,Definitely Disagree,Definitely Disagree,1,Definitely Disagree,Definitely Disagree,Somewhat Agree,Definitely Disagree,Definitely Disagree,Definitely Agree,1,Definitely Disagree,Definitely Disagree,Somewhat Agree,Definitely Agree,Somewhat Agree,Definitely Agree,Definitely Disagree,2,Somewhat Disagree,Somewhat Disagree,Definitely Disagree,Somewhat Disagree,1,Definitely Disagree,Definitely Disagree,Neither Agree nor Disagree,Somewhat Disagree,Definitely Disagree,Somewhat Agree,Definitely Disagree,Definitely Disagree,Somewhat Disagree,Neither Agree nor Disagree,Definitely Disagree,Definitely Disagree,Definitely Disagree,Definitely Disagree,No,,,5 (Native),1 (Very Little),,NA,,,,10,48,21,27,8,84,7,13,7,28,13,16,Literal,Sarcastic,Sarcastic,Literal,Literal,Sarcastic,Sarcastic,Literal,Literal,Sarcastic,Sarcastic,Literal,Literal,Sarcastic,Sarcastic,Literal,Literal,Sarcastic,Sarcastic,Literal,Literal,Sarcastic,Sarcastic,Literal,Literal,Sarcastic,Sarcastic,Literal,Literal,Sarcastic,27,No,Yes,Yes,No,Yes,Yes,Yes,No,Yes,Yes,Yes,Yes,No,Yes,Yes,Yes,Yes,Yes,No,Yes,Yes,No,Yes,Yes,Yes,No,Yes,Yes,Yes,No,Yes,Yes,No,Yes,No,No,Yes,Yes,Yes,No,Yes,Yes,No,Yes,No,No,Yes,Yes,Yes,Yes,No,No,Yes,Yes,Yes,Yes,No,No,Yes,No,No,Yes,Yes,63
1545,p48,3,1,18,Female,White or Caucasian,Currently enrolled in college,Yes,major depressive disorder and anorexia nervosa ,Once or twice a month,Never,2 - 3 times per week,2 - 3 times per week,More than 5 times per week,4-5 times per week,4-5 times per week,4-5 times per week,More than 5 times  per week,4-5 times per week,More than 5 times  per week,1 - 2 times per week,Neither agree or disagree,Somewhat agree,Neither agree or disagree,Somewhat Disagree,Sarcastic,Literal,Literal,Literal,Sarcastic,Sarcastic,Literal,Literal,Sarcastic,Sarcastic,Literal,Literal,Sarcastic,Sarcastic,Literal,Literal,Sarcastic,Sarcastic,Literal,Literal,Sarcastic,Sarcastic,Literal,Literal,Sarcastic,Sarcastic,Literal,Literal,Sarcastic,Sarcastic,No,Yes,Yes,Yes,Yes,Yes,Yes,No,Yes,Yes,Yes,Yes,No,Yes,Yes,Yes,Yes,Yes,No,Yes,Yes,No,Yes,Yes,Yes,No,Yes,Yes,Yes,No,Yes,Yes,No,Yes,No,No,Yes,Yes,Yes,No,Yes,Yes,No,Yes,No,No,Yes,Yes,Yes,Yes,No,No,Yes,Yes,Yes,Yes,No,No,Yes,No,No,Yes,Yes,Somewhat disagree,Neither Agree nor Disagree,Somewhat Agree,Neither Agree nor Disagree,Somewhat Agree,Definitely Agree,Somewhat Disagree,Definitely Disagree,2,Somewhat Disagree,Definitely Disagree,Definitely Agree,Somewhat Agree,Somewhat Disagree,Somewhat Disagree,3,Somewhat Disagree,Neither Agree nor Disagree,Somewhat Disagree,Definitely Agree,Definitely Agree,Definitely Agree,Neither Agree nor Disagree,2,Somewhat Disagree,Definitely Agree,Somewhat Disagree,Somewhat Agree,2,Neither Agree nor Disagree,Somewhat Disagree,Neither Agree nor Disagree,Somewhat Disagree,Definitely Disagree,Definitely Agree,Definitely Agree,Definitely Agree,Neither Agree nor Disagree,Somewhat Agree,Somewhat Disagree,Neither Agree nor Disagree,Somewhat Agree,Definitely Disagree,No,,,5 (Native),,,NA,,,,26,40,16,24,12,128,18,16,17,29,24,24,Sarcastic,Sarcastic,Literal,Literal,Sarcastic,Sarcastic,Literal,Literal,Sarcastic,Sarcastic,Literal,Literal,Sarcastic,Sarcastic,Literal,Literal,Sarcastic,Sarcastic,Literal,Literal,Sarcastic,Sarcastic,Literal,Literal,Sarcastic,Sarcastic,Literal,Literal,Sarcastic,Sarcastic,29,No,Yes,Yes,No,Yes,Yes,Yes,No,Yes,Yes,Yes,Yes,No,Yes,Yes,Yes,Yes,Yes,No,Yes,Yes,No,Yes,Yes,Yes,No,Yes,Yes,Yes,No,Yes,Yes,No,Yes,No,No,Yes,Yes,Yes,No,Yes,Yes,No,Yes,No,No,Yes,Yes,Yes,Yes,No,No,Yes,Yes,Yes,Yes,No,No,Yes,No,No,Yes,Yes,62
1826,p49,3,1,18,Female,White or Caucasian,Currently enrolled in college,No,,1 - 2 times per week,Once or twice a month,4-5 times per week,4-5 times per week,More than 5 times per week,More than 5 times per week,4-5 times per week,4-5 times per week,2 - 3 times per week,2 - 3 times per week,More than 5 times  per week,More than 5 times  per week,Somewhat agree,Somewhat Disagree,Somewhat agree,Somewhat Disagree,Sarcastic,Sarcastic,Literal,Literal,Sarcastic,Sarcastic,Literal,Literal,Sarcastic,Sarcastic,Literal,Literal,Sarcastic,Sarcastic,Literal,Literal,Sarcastic,Sarcastic,Literal,Literal,Sarcastic,Sarcastic,Literal,Literal,Sarcastic,Sarcastic,Literal,Literal,Sarcastic,Sarcastic,No,Yes,Yes,No,Yes,Yes,Yes,No,Yes,Yes,Yes,Yes,No,Yes,Yes,Yes,Yes,Yes,No,Yes,Yes,No,Yes,Yes,Yes,No,Yes,Yes,Yes,No,Yes,Yes,No,No,No,No,Yes,Yes,Yes,No,Yes,Yes,No,Yes,No,No,Yes,Yes,Yes,Yes,No,No,Yes,Yes,Yes,Yes,No,No,Yes,No,No,Yes,Yes,Strongly agree,Somewhat Agree,Somewhat Agree,Somewhat Disagree,Somewhat Disagree,Definitely Agree,Somewhat Agree,Definitely Disagree,1,Somewhat Disagree,Neither Agree nor Disagree,Somewhat Agree,Definitely Disagree,Definitely Disagree,Somewhat Disagree,3,Somewhat Agree,Neither Agree nor Disagree,Somewhat Disagree,Somewhat Agree,Somewhat Disagree,Somewhat Disagree,Definitely Disagree,1,Definitely Disagree,Somewhat Disagree,Somewhat Disagree,Somewhat Agree,3,Definitely Disagree,Neither Agree nor Disagree,Somewhat Disagree,Somewhat Disagree,Definitely Disagree,Somewhat Disagree,Somewhat Disagree,Definitely Disagree,Definitely Disagree,Somewhat Disagree,Somewhat Disagree,Definitely Disagree,Somewhat Agree,Somewhat Disagree,Yes,russian,No,5 (Native),3,,NA,Russian was my first language and I learned English when going to day care around the age of 3,my family does but my friends do not,"I speak English the most and while I used to fluently speak Russian, I no longer do due to infrequent use. However, I still completely understand the language and can still read, write, and speak it to a certain extent ",33,45,21,24,12,96,18,12,16,21,16,13,Sarcastic,Sarcastic,Literal,Literal,Sarcastic,Sarcastic,Literal,Literal,Sarcastic,Sarcastic,Literal,Literal,Sarcastic,Sarcastic,Literal,Literal,Sarcastic,Sarcastic,Literal,Literal,Sarcastic,Sarcastic,Literal,Literal,Sarcastic,Sarcastic,Literal,Literal,Sarcastic,Sarcastic,30,No,Yes,Yes,No,Yes,Yes,Yes,No,Yes,Yes,Yes,Yes,No,Yes,Yes,Yes,Yes,Yes,No,Yes,Yes,No,Yes,Yes,Yes,No,Yes,Yes,Yes,No,Yes,Yes,No,Yes,No,No,Yes,Yes,Yes,No,Yes,Yes,No,Yes,No,No,Yes,Yes,Yes,Yes,No,No,Yes,Yes,Yes,Yes,No,No,Yes,No,No,Yes,Yes,62
1620,p50,4,1,18,Male,White or Caucasian,Currently enrolled in college,Yes,"I have been diagnosed with anxiety disorder, as well as ADHD",4-5 times per week,Once or twice a month,More than 5 times per week,4-5 times per week,More than 5 times per week,4-5 times per week,2 - 3 times per week,More than 5 times  per week,More than 5 times  per week,4-5 times per week,More than 5 times  per week,2 - 3 times per week,Somewhat agree,Somewhat Disagree,Somewhat agree,Definitely Disagree,Sarcastic,Literal,Literal,Sarcastic,Literal,Literal,Literal,Sarcastic,Literal,Sarcastic,Literal,Literal,Sarcastic,Sarcastic,Literal,Literal,Sarcastic,Sarcastic,Literal,Literal,Sarcastic,Sarcastic,Literal,Literal,Sarcastic,Sarcastic,Literal,Literal,Sarcastic,Sarcastic,No,Yes,Yes,No,Yes,Yes,Yes,No,Yes,Yes,Yes,Yes,No,Yes,Yes,Yes,Yes,Yes,No,Yes,Yes,No,Yes,Yes,Yes,No,Yes,Yes,Yes,No,Yes,Yes,No,No,No,No,Yes,Yes,Yes,No,Yes,Yes,No,Yes,No,Yes,Yes,Yes,Yes,Yes,No,No,Yes,Yes,Yes,Yes,No,No,Yes,No,No,Yes,Yes,Strongly agree,Somewhat Agree,Somewhat Agree,Neither Agree nor Disagree,Somewhat Disagree,Somewhat Agree,Somewhat Disagree,Somewhat Agree,1,Definitely Agree,Somewhat Disagree,Somewhat Agree,Somewhat Agree,Somewhat Disagree,Neither Agree nor Disagree,3,Neither Agree nor Disagree,Somewhat Disagree,Definitely Disagree,Definitely Agree,Somewhat Disagree,Neither Agree nor Disagree,Definitely Disagree,2,Somewhat Disagree,Somewhat Agree,Somewhat Disagree,Neither Agree nor Disagree,2,Definitely Disagree,Somewhat Disagree,Neither Agree nor Disagree,Somewhat Agree,Somewhat Disagree,Somewhat Agree,Somewhat Disagree,Somewhat Disagree,Neither Agree nor Disagree,Somewhat Disagree,Somewhat Disagree,Definitely Disagree,Definitely Agree,Somewhat Disagree,No,,,5 (Native),3,1 (Very Little),NA,,,,21,48,23,25,11,114,14,18,17,23,27,15,Sarcastic,Literal,Literal,Sarcastic,Sarcastic,Literal,Literal,Sarcastic,Literal,Sarcastic,Literal,Literal,Sarcastic,Sarcastic,Literal,Literal,Sarcastic,Sarcastic,Literal,Literal,Sarcastic,Sarcastic,Literal,Literal,Sarcastic,Sarcastic,Literal,Literal,Sarcastic,Sarcastic,29,No,Yes,Yes,No,Yes,Yes,Yes,No,Yes,Yes,Yes,Yes,No,Yes,Yes,Yes,Yes,Yes,No,Yes,Yes,No,Yes,Yes,Yes,No,Yes,Yes,Yes,No,Yes,Yes,No,Yes,No,No,Yes,Yes,Yes,No,Yes,Yes,No,Yes,No,No,Yes,Yes,Yes,Yes,No,No,Yes,Yes,Yes,Yes,No,No,Yes,No,No,Yes,Yes,61
1095,p52,2,1,21,Female,Black or African American,High school diploma or GED,Yes,"Other-Specified Anxiety Disorder, OCD Related",2 - 3 times per week,Never,More than 5 times per week,1 - 2 times per week,4-5 times per week,Once or twice a month,4-5 times per week,4-5 times per week,1 - 2 times per week,2 - 3 times per week,More than 5 times  per week,2 - 3 times per week,Somewhat Disagree,Definitely Agree,Definitely Agree,Somewhat agree,Sarcastic,Sarcastic,Sarcastic,Literal,Literal,Sarcastic,Literal,Literal,Sarcastic,Sarcastic,Literal,Literal,Literal,Sarcastic,Literal,Literal,Literal,Sarcastic,Literal,Literal,Literal,Sarcastic,Literal,Literal,Literal,Sarcastic,Literal,Literal,Literal,Sarcastic,No,Yes,Yes,Yes,Yes,Yes,Yes,Yes,Yes,Yes,Yes,Yes,Yes,Yes,Yes,Yes,Yes,Yes,Yes,Yes,Yes,Yes,Yes,Yes,Yes,Yes,Yes,Yes,Yes,No,Yes,Yes,No,Yes,No,Yes,Yes,Yes,Yes,No,Yes,Yes,Yes,Yes,Yes,No,Yes,Yes,Yes,Yes,No,No,Yes,Yes,Yes,Yes,Yes,No,Yes,Yes,No,Yes,Yes,,Somewhat Disagree,Definitely Agree,Neither Agree nor Disagree,Somewhat Disagree,Definitely Agree,Somewhat Disagree,Neither Agree nor Disagree,5,Somewhat Disagree,Somewhat Agree,Somewhat Agree,Somewhat Agree,Somewhat Disagree,Somewhat Disagree,5,Somewhat Agree,Definitely Agree,Neither Agree nor Disagree,Somewhat Agree,Somewhat Disagree,Definitely Agree,Neither Agree nor Disagree,2,Somewhat Disagree,Somewhat Disagree,Neither Agree nor Disagree,Somewhat Agree,4,Somewhat Disagree,Somewhat Agree,Definitely Agree,Somewhat Disagree,Somewhat Disagree,Definitely Agree,Neither Agree nor Disagree,Somewhat Disagree,Somewhat Disagree,Somewhat Disagree,Neither Agree nor Disagree,Somewhat Disagree,Somewhat Agree,Somewhat Disagree,Yes,Twi,Yes,5 (Native),3,,NA,2,"Yes my family speaks it, and some of my friends do as well",I use them when I talk to family. ,25,36,15,21,16,133,30,17,19,28,19,20,Literal,Sarcastic,Sarcastic,Literal,Literal,Sarcastic,Sarcastic,Literal,Literal,Sarcastic,Sarcastic,Literal,Literal,Sarcastic,Sarcastic,Literal,Literal,Sarcastic,Sarcastic,Literal,Literal,Sarcastic,Sarcastic,Literal,Literal,Sarcastic,Sarcastic,Literal,Literal,Sarcastic,22,No,Yes,Yes,No,Yes,Yes,Yes,No,Yes,Yes,Yes,Yes,No,Yes,Yes,Yes,Yes,Yes,No,Yes,Yes,No,Yes,Yes,Yes,No,Yes,Yes,Yes,No,Yes,Yes,No,Yes,No,No,Yes,Yes,Yes,No,Yes,Yes,No,Yes,No,No,Yes,Yes,Yes,Yes,No,No,Yes,Yes,Yes,Yes,No,No,Yes,No,No,Yes,Yes,52
1322,p51 ,1,1,18,Female,Multiracial/Biracial,Currently enrolled in college,Yes,depression and anxiety,2 - 3 times per week,Never,More than 5 times per week,More than 5 times per week,More than 5 times per week,4-5 times per week,2 - 3 times per week,1 - 2 times per week,4-5 times per week,4-5 times per week,More than 5 times  per week,More than 5 times  per week,Somewhat agree,Neither agree or disagree,Somewhat Disagree,Somewhat Disagree,Literal,Literal,Sarcastic,Sarcastic,Literal,Literal,Sarcastic,Sarcastic,Literal,Literal,Sarcastic,Sarcastic,Literal,Literal,Sarcastic,Sarcastic,Literal,Literal,Sarcastic,Sarcastic,Literal,Literal,Sarcastic,Sarcastic,Literal,Literal,Sarcastic,Sarcastic,Literal,Literal,No,Yes,Yes,No,Yes,No,Yes,No,Yes,Yes,Yes,Yes,No,No,Yes,Yes,Yes,Yes,No,Yes,Yes,No,Yes,Yes,Yes,No,Yes,Yes,Yes,No,Yes,Yes,No,Yes,No,No,Yes,Yes,No,No,Yes,Yes,No,Yes,No,No,Yes,Yes,Yes,Yes,No,No,Yes,Yes,Yes,Yes,No,No,Yes,No,No,Yes,No,Neither agree nor disagree,Somewhat Disagree,Somewhat Agree,Somewhat Disagree,Somewhat Agree,Somewhat Agree,Definitely Disagree,Somewhat Agree,2,Definitely Disagree,Neither Agree nor Disagree,Somewhat Agree,Somewhat Disagree,Somewhat Disagree,Somewhat Agree,2,Neither Agree nor Disagree,Neither Agree nor Disagree,Somewhat Disagree,Definitely Agree,Somewhat Agree,Definitely Agree,Definitely Disagree,1,Somewhat Disagree,Somewhat Disagree,Somewhat Disagree,Somewhat Agree,2,Definitely Disagree,Somewhat Disagree,Somewhat Agree,Somewhat Agree,Definitely Disagree,Somewhat Agree,Somewhat Disagree,Neither Agree nor Disagree,Somewhat Agree,Neither Agree nor Disagree,Definitely Disagree,Somewhat Agree,Definitely Agree,Somewhat Disagree,Yes,french and bahasa indonesia,No,5 (Native),3,4,NA,"indonesian --&gt; first language so maybe 2-3?
english --&gt; 3 or 4
french--&gt; 3 or 4 ","my mom speaks indonesian, english and a little bit of french, my dad speaks french, english and a bit of indonesian, my friends only speak english in my current circle here, but back home in indonesia they all speak indonesian, i have a few friends here like in my club who speak indonesian and a few friends who speak french but they are not who i spend the most time with","i use english the most, i use indonesian at least once a day with club members, and i usually text in french and rarely speak it in person",22,45,22,23,11,117,16,17,10,28,23,23,Literal,Literal,Sarcastic,Sarcastic,Literal,Literal,Sarcastic,Sarcastic,Literal,Literal,Sarcastic,Sarcastic,Literal,Literal,Sarcastic,Sarcastic,Literal,Literal,Sarcastic,Sarcastic,Literal,Literal,Sarcastic,Sarcastic,Literal,Literal,Sarcastic,Sarcastic,Literal,Literal,30,No,Yes,Yes,No,Yes,Yes,Yes,No,Yes,Yes,Yes,Yes,No,Yes,Yes,Yes,Yes,Yes,No,Yes,Yes,No,Yes,Yes,Yes,No,Yes,Yes,Yes,No,Yes,Yes,No,Yes,No,No,Yes,Yes,Yes,No,Yes,Yes,No,Yes,No,No,Yes,Yes,Yes,Yes,No,No,Yes,Yes,Yes,Yes,No,No,Yes,No,No,Yes,Yes,59
510972,p53,3,1,20,Female,White or Caucasian,Currently enrolled in college,Yes,Generalized Anxiety Disorder,2 - 3 times per week,Never,More than 5 times per week,More than 5 times per week,More than 5 times per week,2 - 3 times per week,4-5 times per week,More than 5 times  per week,More than 5 times  per week,More than 5 times  per week,More than 5 times  per week,2 - 3 times per week,Somewhat agree,Somewhat Disagree,Somewhat Disagree,Somewhat Disagree,Sarcastic,Sarcastic,Literal,Literal,Sarcastic,Sarcastic,Sarcastic,Literal,Sarcastic,Sarcastic,Literal,Literal,Sarcastic,Sarcastic,Literal,Literal,Sarcastic,Sarcastic,Literal,Sarcastic,Sarcastic,Sarcastic,Literal,Literal,Sarcastic,Literal,Literal,Literal,Sarcastic,Sarcastic,Yes,Yes,Yes,No,Yes,Yes,Yes,No,Yes,Yes,Yes,Yes,Yes,No,Yes,Yes,Yes,Yes,No,Yes,Yes,No,Yes,Yes,Yes,No,Yes,Yes,Yes,No,Yes,Yes,No,No,No,No,Yes,Yes,Yes,No,Yes,Yes,No,Yes,No,No,Yes,Yes,Yes,Yes,No,No,Yes,Yes,Yes,Yes,Yes,No,Yes,Yes,No,Yes,Yes,Strongly agree,Definitely Agree,Somewhat Agree,Neither Agree nor Disagree,Somewhat Disagree,Somewhat Agree,Neither Agree nor Disagree,Definitely Agree,1,Somewhat Agree,Neither Agree nor Disagree,Definitely Agree,Definitely Agree,Neither Agree nor Disagree,Somewhat Agree,2,Somewhat Agree,Neither Agree nor Disagree,Somewhat Disagree,Definitely Agree,Definitely Agree,Somewhat Agree,Somewhat Disagree,1,Neither Agree nor Disagree,Somewhat Agree,Neither Agree nor Disagree,Somewhat Agree,2,Definitely Disagree,Somewhat Disagree,Somewhat Agree,Definitely Agree,Somewhat Disagree,Somewhat Agree,Somewhat Disagree,Somewhat Agree,Definitely Disagree,Somewhat Agree,Somewhat Agree,Somewhat Disagree,Definitely Agree,Somewhat Disagree,No,,,5 (Native),2,,NA,,,,10,48,21,27,10,137,15,17,21,28,34,22,Sarcastic,Sarcastic,Literal,Literal,Sarcastic,Sarcastic,Literal,Literal,Sarcastic,Sarcastic,Literal,Literal,Sarcastic,Sarcastic,Literal,Literal,Sarcastic,Sarcastic,Literal,Literal,Sarcastic,Sarcastic,Literal,Literal,Sarcastic,Sarcastic,Literal,Literal,Sarcastic,Sarcastic,27,No,Yes,Yes,No,Yes,Yes,Yes,No,Yes,Yes,Yes,Yes,No,Yes,Yes,Yes,Yes,Yes,No,Yes,Yes,No,Yes,Yes,Yes,No,Yes,Yes,Yes,No,Yes,Yes,No,Yes,No,No,Yes,Yes,Yes,No,Yes,Yes,No,Yes,No,No,Yes,Yes,Yes,Yes,No,No,Yes,Yes,Yes,Yes,No,No,Yes,No,No,Yes,Yes,57
1891,p55,1,1,21,Female,Asian or Pacific Islander,Currently enrolled in college,Yes,ocd,Once or twice a month,Never,2 - 3 times per week,More than 5 times per week,4-5 times per week,More than 5 times per week,More than 5 times  per week,Once or twice a month,More than 5 times  per week,More than 5 times  per week,4-5 times per week,More than 5 times  per week,Somewhat agree,Somewhat Disagree,Somewhat agree,Definitely Disagree,Literal,Literal,Literal,Literal,Sarcastic,Literal,Sarcastic,Sarcastic,Literal,Literal,Sarcastic,Sarcastic,Sarcastic,Literal,Sarcastic,Sarcastic,Literal,Literal,Sarcastic,Sarcastic,Literal,Literal,Sarcastic,Sarcastic,Literal,Literal,Sarcastic,Literal,Literal,Literal,Yes,Yes,Yes,No,Yes,Yes,No,No,Yes,Yes,Yes,Yes,No,No,Yes,Yes,Yes,Yes,No,No,Yes,No,Yes,Yes,Yes,No,Yes,Yes,Yes,Yes,No,Yes,No,No,No,No,No,No,No,Yes,No,Yes,Yes,Yes,No,No,Yes,Yes,Yes,Yes,No,No,Yes,Yes,Yes,Yes,No,No,Yes,Yes,No,No,No,Somewhat agree,Neither Agree nor Disagree,Somewhat Agree,Somewhat Agree,Neither Agree nor Disagree,Somewhat Agree,Somewhat Agree,Neither Agree nor Disagree,2,Somewhat Agree,Definitely Agree,Somewhat Agree,Definitely Agree,Somewhat Disagree,Somewhat Disagree,4,Somewhat Agree,Somewhat Agree,Somewhat Disagree,Somewhat Agree,Somewhat Agree,Somewhat Agree,Definitely Disagree,2,Somewhat Disagree,Definitely Agree,Neither Agree nor Disagree,Somewhat Agree,3,Definitely Disagree,Neither Agree nor Disagree,Somewhat Agree,Neither Agree nor Disagree,Somewhat Agree,Neither Agree nor Disagree,Definitely Agree,Neither Agree nor Disagree,Somewhat Disagree,Somewhat Agree,Somewhat Disagree,Neither Agree nor Disagree,Somewhat Agree,Neither Agree nor Disagree,Yes,thai,No,4,5 (Native),NA,NA,I started to learn English in my primary school.,"yes, they all speak Thai.","I speak mostly English everyday , but I still talk to my parents in Thai .",9,43,18,25,11,139,26,20,20,25,27,21,Literal,Literal,Sarcastic,Sarcastic,Literal,Literal,Sarcastic,Sarcastic,Literal,Literal,Sarcastic,Sarcastic,Literal,Literal,Sarcastic,Sarcastic,Literal,Literal,Sarcastic,Sarcastic,Literal,Literal,Sarcastic,Sarcastic,Literal,Literal,Sarcastic,Sarcastic,Literal,Literal,25,No,Yes,Yes,No,Yes,Yes,Yes,No,Yes,Yes,Yes,Yes,No,Yes,Yes,Yes,Yes,Yes,No,Yes,Yes,No,Yes,Yes,Yes,No,Yes,Yes,Yes,No,Yes,Yes,No,Yes,No,No,Yes,Yes,Yes,No,Yes,Yes,No,Yes,No,No,Yes,Yes,Yes,Yes,No,No,Yes,Yes,Yes,Yes,No,No,Yes,No,No,Yes,Yes,47
19826,p56,2,1,24,Male,Asian or Pacific Islander,Currently enrolled in college,No,Anxiety,1 - 2 times per week,1 - 2 times per week,2 - 3 times per week,More than 5 times per week,More than 5 times per week,1 - 2 times per week,2 - 3 times per week,4-5 times per week,2 - 3 times per week,More than 5 times  per week,More than 5 times  per week,1 - 2 times per week,,Somewhat Disagree,Neither agree or disagree,Somewhat Disagree,Literal,Sarcastic,Literal,Literal,Literal,Sarcastic,Sarcastic,Literal,Literal,Sarcastic,Sarcastic,Literal,Literal,Sarcastic,Literal,Literal,Literal,Sarcastic,Literal,Literal,Literal,Sarcastic,Literal,Literal,Literal,Sarcastic,Literal,Literal,Literal,Sarcastic,No,Yes,Yes,Yes,Yes,No,No,No,No,Yes,Yes,Yes,Yes,No,Yes,Yes,Yes,No,Yes,Yes,,Yes,Yes,Yes,Yes,Yes,No,Yes,Yes,Yes,Yes,No,No,Yes,No,Yes,Yes,Yes,Yes,Yes,Yes,No,Yes,No,Yes,No,Yes,Yes,Yes,Yes,No,Yes,Yes,Yes,No,Yes,No,Yes,Yes,No,Yes,Yes,Yes,Somewhat agree,Somewhat Agree,Neither Agree nor Disagree,Somewhat Agree,Neither Agree nor Disagree,Neither Agree nor Disagree,Neither Agree nor Disagree,Somewhat Disagree,2,Neither Agree nor Disagree,Neither Agree nor Disagree,Neither Agree nor Disagree,Somewhat Agree,Neither Agree nor Disagree,Neither Agree nor Disagree,3,Somewhat Agree,Neither Agree nor Disagree,Somewhat Disagree,Somewhat Agree,Neither Agree nor Disagree,Somewhat Disagree,Somewhat Disagree,2,Somewhat Agree,Somewhat Agree,Somewhat Disagree,Neither Agree nor Disagree,2,Neither Agree nor Disagree,Somewhat Disagree,Somewhat Agree,Neither Agree nor Disagree,Neither Agree nor Disagree,Somewhat Disagree,Somewhat Disagree,Neither Agree nor Disagree,Neither Agree nor Disagree,Somewhat Disagree,Neither Agree nor Disagree,Neither Agree nor Disagree,Somewhat Disagree,Neither Agree nor Disagree,Yes,Korean,No,3,5 (Native),NA,NA,"For Korean I learned when I was born in South Korea. For English, I learned when I was in 17.",My all family and my friends are Korean. So they can speak Korean. ,"Depending on what I did. When I was in class or met my US friends, I used English. But most of the time, I used Korean.",23,41,19,22,7,121,17,20,22,18,22,22,Literal,Sarcastic,Sarcastic,Literal,Literal,Sarcastic,Sarcastic,Literal,Literal,Sarcastic,Sarcastic,Literal,Literal,Sarcastic,Sarcastic,Literal,Literal,Sarcastic,Sarcastic,Literal,Literal,Sarcastic,Sarcastic,Literal,Literal,Sarcastic,Sarcastic,Literal,Literal,Sarcastic,25,No,Yes,Yes,No,Yes,Yes,Yes,No,Yes,Yes,Yes,Yes,No,Yes,Yes,Yes,Yes,Yes,No,Yes,Yes,No,Yes,Yes,Yes,No,Yes,Yes,Yes,No,Yes,Yes,No,Yes,No,No,Yes,Yes,Yes,No,Yes,Yes,No,Yes,No,No,Yes,Yes,Yes,Yes,No,No,Yes,Yes,Yes,Yes,No,No,Yes,No,No,Yes,Yes,39
2141,p57,3,1,21,Female,Asian or Pacific Islander,Currently enrolled in college,No,,1 - 2 times per week,2 - 3 times per week,More than 5 times per week,More than 5 times per week,More than 5 times per week,More than 5 times per week,4-5 times per week,More than 5 times  per week,More than 5 times  per week,4-5 times per week,4-5 times per week,4-5 times per week,Definitely Agree,Definitely Disagree,Definitely Disagree,Neither agree or disagree,Sarcastic,Sarcastic,Literal,Literal,Sarcastic,Sarcastic,Literal,Literal,Literal,Sarcastic,Literal,Literal,Literal,Sarcastic,Literal,Literal,Sarcastic,Sarcastic,Literal,Literal,Sarcastic,Sarcastic,Literal,Literal,Sarcastic,Sarcastic,Literal,Literal,Sarcastic,Sarcastic,No,Yes,Yes,No,Yes,No,Yes,No,Yes,Yes,Yes,Yes,No,Yes,Yes,Yes,Yes,Yes,No,Yes,Yes,Yes,Yes,Yes,Yes,No,Yes,Yes,Yes,No,Yes,Yes,No,Yes,Yes,Yes,Yes,Yes,Yes,No,Yes,Yes,No,Yes,No,No,Yes,Yes,Yes,Yes,No,No,Yes,Yes,Yes,Yes,No,No,Yes,No,No,No,Yes,Strongly agree,Definitely Agree,Neither Agree nor Disagree,Somewhat Agree,Definitely Agree,Definitely Agree,Definitely Agree,Neither Agree nor Disagree,2,Definitely Agree,Neither Agree nor Disagree,Definitely Agree,Neither Agree nor Disagree,Somewhat Disagree,Neither Agree nor Disagree,4,Definitely Agree,Neither Agree nor Disagree,Neither Agree nor Disagree,Somewhat Agree,Neither Agree nor Disagree,Neither Agree nor Disagree,Somewhat Agree,2,Neither Agree nor Disagree,Somewhat Agree,Somewhat Disagree,Definitely Agree,4,Somewhat Agree,Neither Agree nor Disagree,Somewhat Agree,Definitely Agree,Neither Agree nor Disagree,Somewhat Agree,Somewhat Agree,Somewhat Agree,Neither Agree nor Disagree,Somewhat Disagree,Somewhat Agree,Somewhat Agree,Definitely Agree,Somewhat Agree,Yes,hindi,Yes,5 (Native),4,NA,NA,"hindi- 0-21
English 0-21","Yes, both friends and family speak these languages",I use English the most (95% of the time) and hindi the least (5%),17,51,25,26,10,155,23,20,31,25,28,28,Sarcastic,Sarcastic,Literal,Literal,Sarcastic,Sarcastic,Literal,Literal,Sarcastic,Sarcastic,Literal,Literal,Sarcastic,Sarcastic,Literal,Literal,Sarcastic,Sarcastic,Literal,Literal,Sarcastic,Sarcastic,Literal,Literal,Sarcastic,Sarcastic,Literal,Literal,Sarcastic,Sarcastic,28,No,Yes,Yes,No,Yes,Yes,Yes,No,Yes,Yes,Yes,Yes,No,Yes,Yes,Yes,Yes,Yes,No,Yes,Yes,No,Yes,Yes,Yes,No,Yes,Yes,Yes,No,Yes,Yes,No,Yes,No,No,Yes,Yes,Yes,No,Yes,Yes,No,Yes,No,No,Yes,Yes,Yes,Yes,No,No,Yes,Yes,Yes,Yes,No,No,Yes,No,No,Yes,Yes,58
1481,p58,4,1,22,Female,White or Caucasian,Bachelor's Degree,No,Anxiety,Never,Never,Once or twice a month,1 - 2 times per week,4-5 times per week,4-5 times per week,4-5 times per week,Never,1 - 2 times per week,1 - 2 times per week,4-5 times per week,4-5 times per week,Neither agree or disagree,Somewhat Disagree,Somewhat Disagree,Somewhat Disagree,Sarcastic,Literal,Literal,Sarcastic,Sarcastic,Literal,Literal,Sarcastic,Literal,Sarcastic,Literal,Literal,Sarcastic,Sarcastic,Literal,Literal,Sarcastic,Sarcastic,Literal,Literal,Sarcastic,Sarcastic,Literal,Literal,Sarcastic,Sarcastic,Literal,Literal,Sarcastic,Sarcastic,No,Yes,Yes,No,Yes,Yes,Yes,No,Yes,Yes,Yes,Yes,Yes,No,Yes,Yes,Yes,Yes,No,Yes,Yes,No,Yes,Yes,Yes,No,Yes,Yes,Yes,No,Yes,Yes,No,Yes,No,No,Yes,Yes,Yes,No,Yes,Yes,No,Yes,No,No,Yes,Yes,Yes,Yes,No,No,Yes,Yes,Yes,Yes,No,No,Yes,No,No,Yes,No,,Somewhat Disagree,Somewhat Disagree,Somewhat Disagree,Neither Agree nor Disagree,Somewhat Agree,Definitely Disagree,Somewhat Agree,2,Definitely Disagree,Somewhat Disagree,Neither Agree nor Disagree,Definitely Disagree,Somewhat Disagree,Definitely Disagree,3,Somewhat Disagree,Somewhat Disagree,Neither Agree nor Disagree,Somewhat Agree,Somewhat Agree,Definitely Disagree,Definitely Disagree,2,Definitely Disagree,Somewhat Disagree,Somewhat Disagree,Definitely Disagree,3,Definitely Disagree,Neither Agree nor Disagree,Definitely Disagree,Definitely Disagree,Definitely Disagree,Somewhat Disagree,Somewhat Disagree,Somewhat Disagree,Definitely Disagree,Definitely Disagree,Definitely Disagree,Definitely Disagree,Somewhat Agree,Somewhat Disagree,Yes,spanish and Italian,Yes,5 (Native),3,1 (Very Little),NA,"I learned Spanish starting in seventh grade, so when I was 12. I learned Italian in my second year of college, so when I was 19. ","My sister, brother, and a few of my friends speak Spanish.","Not that often out of academia, tutoring, or social media. I use English the most. ",19,27,11,16,9,84,17,14,9,12,18,14,Sarcastic,Literal,Literal,Sarcastic,Sarcastic,Literal,Literal,Sarcastic,Literal,Sarcastic,Literal,Literal,Sarcastic,Sarcastic,Literal,Literal,Sarcastic,Sarcastic,Literal,Literal,Sarcastic,Sarcastic,Literal,Literal,Sarcastic,Sarcastic,Literal,Literal,Sarcastic,Sarcastic,30,No,Yes,Yes,No,Yes,Yes,Yes,No,Yes,Yes,Yes,Yes,No,Yes,Yes,Yes,Yes,Yes,No,Yes,Yes,No,Yes,Yes,Yes,No,Yes,Yes,Yes,No,Yes,Yes,No,Yes,No,No,Yes,Yes,Yes,No,Yes,Yes,No,Yes,No,No,Yes,Yes,Yes,Yes,No,No,Yes,Yes,Yes,Yes,No,No,Yes,No,No,Yes,Yes,60
2622,p59,1,1,18,Female,Hispanic or Latino,High school diploma or GED,No,,Once or twice a month,Never,4-5 times per week,More than 5 times per week,More than 5 times per week,2 - 3 times per week,2 - 3 times per week,2 - 3 times per week,4-5 times per week,More than 5 times  per week,More than 5 times  per week,2 - 3 times per week,Somewhat agree,Neither agree or disagree,Somewhat agree,Somewhat Disagree,Literal,Sarcastic,Sarcastic,Sarcastic,Literal,Literal,Sarcastic,Sarcastic,Literal,Literal,Sarcastic,Sarcastic,Literal,Literal,Sarcastic,Literal,Literal,Literal,Sarcastic,Sarcastic,Literal,Literal,Sarcastic,Sarcastic,Literal,Sarcastic,Sarcastic,Sarcastic,Literal,Literal,Yes,Yes,Yes,No,Yes,No,Yes,No,Yes,Yes,Yes,Yes,Yes,Yes,Yes,Yes,Yes,Yes,No,Yes,Yes,No,Yes,Yes,Yes,No,Yes,Yes,Yes,No,Yes,Yes,Yes,Yes,No,Yes,Yes,Yes,Yes,Yes,Yes,Yes,No,Yes,No,No,Yes,Yes,Yes,Yes,No,No,Yes,Yes,Yes,Yes,No,No,Yes,Yes,No,Yes,Yes,,Definitely Agree,Somewhat Agree,Somewhat Agree,Somewhat Agree,Somewhat Disagree,Somewhat Agree,Somewhat Disagree,2,Definitely Agree,Somewhat Agree,Somewhat Agree,Neither Agree nor Disagree,Definitely Disagree,Somewhat Disagree,3,Somewhat Agree,Somewhat Agree,Somewhat Disagree,Somewhat Agree,Somewhat Disagree,Definitely Agree,Definitely Disagree,2,Definitely Disagree,Neither Agree nor Disagree,Somewhat Disagree,Somewhat Agree,4,Somewhat Agree,Somewhat Agree,Neither Agree nor Disagree,Somewhat Disagree,Somewhat Disagree,Definitely Agree,Somewhat Agree,Somewhat Disagree,Definitely Disagree,Neither Agree nor Disagree,Somewhat Agree,Somewhat Disagree,Definitely Disagree,Definitely Disagree,Yes,spanish,No,4,5 (Native),NA,NA,I started to learn English from the age of 9 and Spanish is my native language,"My family does not speak English, they only know Spanish. My friends usually know both languages or they only speak English and can understand some Spanish.","I use both languages everyday however I would say I use Spanish more because most of my friends and family speak Spanish. Still, when I talk with my friends I tend to add some English words if I am speaking Spanish and the same the other way around.",21,41,18,23,13,125,25,13,26,25,18,18,Literal,Literal,Sarcastic,Sarcastic,Literal,Literal,Sarcastic,Sarcastic,Literal,Literal,Sarcastic,Sarcastic,Literal,Literal,Sarcastic,Sarcastic,Literal,Literal,Sarcastic,Sarcastic,Literal,Literal,Sarcastic,Sarcastic,Literal,Literal,Sarcastic,Sarcastic,Literal,Literal,27,No,Yes,Yes,No,Yes,Yes,Yes,No,Yes,Yes,Yes,Yes,No,Yes,Yes,Yes,Yes,Yes,No,Yes,Yes,No,Yes,Yes,Yes,No,Yes,Yes,Yes,No,Yes,Yes,No,Yes,No,No,Yes,Yes,Yes,No,Yes,Yes,No,Yes,No,No,Yes,Yes,Yes,Yes,No,No,Yes,Yes,Yes,Yes,No,No,Yes,No,No,Yes,Yes,56
2668,p62,4,1,21,Female,Asian or Pacific Islander,High school diploma or GED,No,,Never,Never,2 - 3 times per week,4-5 times per week,More than 5 times per week,4-5 times per week,Once or twice a month,4-5 times per week,2 - 3 times per week,More than 5 times  per week,More than 5 times  per week,2 - 3 times per week,Somewhat Disagree,Somewhat agree,Somewhat Disagree,Somewhat agree,Sarcastic,Literal,Literal,Sarcastic,Literal,Literal,Literal,Sarcastic,Literal,Sarcastic,Literal,Literal,Sarcastic,Literal,Literal,Literal,Sarcastic,Sarcastic,Literal,Sarcastic,Sarcastic,Sarcastic,Literal,Literal,Sarcastic,Sarcastic,Literal,Sarcastic,Sarcastic,Sarcastic,Yes,Yes,Yes,No,Yes,Yes,No,No,No,Yes,Yes,Yes,Yes,No,Yes,No,Yes,No,No,No,Yes,Yes,Yes,Yes,Yes,Yes,Yes,Yes,Yes,No,Yes,Yes,No,No,No,Yes,Yes,No,Yes,Yes,No,Yes,No,No,No,Yes,Yes,Yes,Yes,Yes,Yes,No,Yes,Yes,Yes,Yes,Yes,Yes,Yes,Yes,No,No,Yes,Somewhat agree,Somewhat Disagree,Somewhat Disagree,Somewhat Agree,Definitely Disagree,Neither Agree nor Disagree,Somewhat Agree,Somewhat Disagree,4,Somewhat Agree,Somewhat Disagree,Definitely Agree,Somewhat Agree,Definitely Disagree,Somewhat Disagree,2,Somewhat Agree,Somewhat Agree,Somewhat Disagree,Definitely Agree,Somewhat Disagree,Somewhat Disagree,Somewhat Disagree,1,Definitely Disagree,Somewhat Disagree,Definitely Disagree,Somewhat Disagree,3,Definitely Disagree,Somewhat Agree,Definitely Disagree,Definitely Disagree,Definitely Disagree,Somewhat Disagree,Somewhat Disagree,Definitely Disagree,Somewhat Disagree,Definitely Disagree,Somewhat Agree,Definitely Disagree,Definitely Agree,Definitely Disagree,Yes,Chinese,No,4,,1 (Very Little),NA,"Chinese- when I was born
English- 11 years old
French-16 years old 
Korean-21years old","My parents only speak Chinese, my brother speak Chinese and English. My friends speak Chinese and English. ","I use Chinese most (everyday), English(everyday), French( only use during high school French class), Korean(only use in the first semester Korean class)",22,37,16,21,12,100,21,12,23,14,18,12,Sarcastic,Literal,Literal,Sarcastic,Sarcastic,Literal,Literal,Sarcastic,Literal,Sarcastic,Literal,Literal,Sarcastic,Sarcastic,Literal,Literal,Sarcastic,Sarcastic,Literal,Literal,Sarcastic,Sarcastic,Literal,Literal,Sarcastic,Sarcastic,Literal,Literal,Sarcastic,Sarcastic,26,No,Yes,Yes,No,Yes,Yes,Yes,No,Yes,Yes,Yes,Yes,No,Yes,Yes,Yes,Yes,Yes,No,Yes,Yes,No,Yes,Yes,Yes,No,Yes,Yes,Yes,No,Yes,Yes,No,Yes,No,No,Yes,Yes,Yes,No,Yes,Yes,No,Yes,No,No,Yes,Yes,Yes,Yes,No,No,Yes,Yes,Yes,Yes,No,No,Yes,No,No,Yes,Yes,41
1589,p63,1,1,19,Male,White or Caucasian,Currently enrolled in college,No,,2 - 3 times per week,1 - 2 times per week,1 - 2 times per week,1 - 2 times per week,1 - 2 times per week,4-5 times per week,2 - 3 times per week,4-5 times per week,2 - 3 times per week,1 - 2 times per week,1 - 2 times per week,2 - 3 times per week,Somewhat agree,Definitely Disagree,Definitely Disagree,Definitely Disagree,Literal,Literal,Sarcastic,Sarcastic,Literal,Literal,Sarcastic,Sarcastic,Literal,Literal,Sarcastic,Sarcastic,Literal,Literal,Sarcastic,Sarcastic,Literal,Literal,Sarcastic,Sarcastic,Literal,Literal,Sarcastic,Sarcastic,Literal,Literal,Sarcastic,Sarcastic,Literal,Literal,No,Yes,Yes,No,Yes,Yes,Yes,No,Yes,Yes,Yes,Yes,No,Yes,Yes,Yes,Yes,Yes,Yes,Yes,Yes,No,Yes,Yes,Yes,No,Yes,Yes,Yes,No,Yes,Yes,Yes,No,No,No,Yes,Yes,Yes,No,No,Yes,Yes,Yes,No,No,Yes,Yes,Yes,Yes,No,No,Yes,Yes,Yes,Yes,No,No,Yes,No,No,No,No,,Somewhat Agree,Neither Agree nor Disagree,Somewhat Disagree,Definitely Disagree,Somewhat Disagree,Definitely Disagree,Neither Agree nor Disagree,1,Somewhat Agree,Definitely Disagree,Definitely Disagree,Somewhat Disagree,Definitely Disagree,Neither Agree nor Disagree,1,Neither Agree nor Disagree,Somewhat Disagree,Definitely Disagree,Somewhat Agree,Somewhat Disagree,Somewhat Agree,Definitely Disagree,2,Definitely Disagree,Definitely Disagree,Somewhat Disagree,Somewhat Disagree,1,Definitely Disagree,Definitely Disagree,Definitely Disagree,Definitely Disagree,Definitely Disagree,Somewhat Disagree,Somewhat Disagree,Definitely Disagree,Definitely Disagree,Somewhat Disagree,Neither Agree nor Disagree,Definitely Disagree,Neither Agree nor Disagree,Definitely Disagree,Yes,Albanian,No,5 (Native),5 (Native),NA,NA,"Albanian : 2-3 years old
English: 3-4 years old","my family speaks both languages. all my friends speak English, only some of them speak Albanian.","I use both everyday, but I use English the most.",29,32,15,17,7,77,9,12,15,18,16,7,Literal,Literal,Sarcastic,Sarcastic,Literal,Literal,Sarcastic,Sarcastic,Literal,Literal,Sarcastic,Sarcastic,Literal,Literal,Sarcastic,Sarcastic,Literal,Literal,Sarcastic,Sarcastic,Literal,Literal,Sarcastic,Sarcastic,Literal,Literal,Sarcastic,Sarcastic,Literal,Literal,30,No,Yes,Yes,No,Yes,Yes,Yes,No,Yes,Yes,Yes,Yes,No,Yes,Yes,Yes,Yes,Yes,No,Yes,Yes,No,Yes,Yes,Yes,No,Yes,Yes,Yes,No,Yes,Yes,No,Yes,No,No,Yes,Yes,Yes,No,Yes,Yes,No,Yes,No,No,Yes,Yes,Yes,Yes,No,No,Yes,Yes,Yes,Yes,No,No,Yes,No,No,Yes,Yes,56
1572,p64,2,1,19,Female,Asian or Pacific Islander,Currently enrolled in college,No,,1 - 2 times per week,Once or twice a month,More than 5 times per week,More than 5 times per week,More than 5 times per week,2 - 3 times per week,1 - 2 times per week,2 - 3 times per week,4-5 times per week,More than 5 times  per week,More than 5 times  per week,1 - 2 times per week,Somewhat Disagree,Neither agree or disagree,Somewhat Disagree,Somewhat agree,Literal,Sarcastic,Sarcastic,Literal,Literal,Sarcastic,Literal,Literal,Sarcastic,Sarcastic,Sarcastic,Literal,Literal,Sarcastic,Literal,Literal,Literal,Sarcastic,Literal,Literal,Literal,Sarcastic,Literal,Literal,Literal,Sarcastic,Sarcastic,Literal,Literal,Sarcastic,Yes,Yes,Yes,No,Yes,Yes,Yes,No,Yes,Yes,Yes,Yes,Yes,Yes,Yes,Yes,Yes,Yes,No,Yes,Yes,No,Yes,No,Yes,No,Yes,Yes,Yes,No,Yes,Yes,No,Yes,No,Yes,Yes,Yes,Yes,No,Yes,Yes,No,Yes,No,No,Yes,Yes,Yes,Yes,No,No,Yes,Yes,Yes,Yes,No,No,Yes,No,No,Yes,Yes,Strongly disagree,Somewhat Agree,Somewhat Agree,Neither Agree nor Disagree,Somewhat Agree,Definitely Agree,Somewhat Agree,Somewhat Disagree,4,Somewhat Agree,Somewhat Disagree,Definitely Agree,Somewhat Agree,Somewhat Disagree,Somewhat Disagree,2,Somewhat Agree,Somewhat Disagree,Neither Agree nor Disagree,Somewhat Agree,Somewhat Disagree,Somewhat Disagree,Definitely Disagree,2,Definitely Disagree,Neither Agree nor Disagree,Somewhat Disagree,Somewhat Disagree,2,Definitely Disagree,Somewhat Disagree,Somewhat Agree,Somewhat Disagree,Definitely Disagree,Somewhat Disagree,Somewhat Disagree,Somewhat Agree,Somewhat Disagree,Somewhat Disagree,Somewhat Disagree,Somewhat Agree,Somewhat Disagree,Definitely Disagree,Yes,Indonesian,Yes,5 (Native),3,NA,NA,"English: 2
Indonesian: 1","yes, most of my family speak both languages and most of my friends speak just English",I use English most of the time and only speak Indonesian when speaking to my parents. ,17,42,21,21,11,112,16,14,19,19,19,25,Literal,Sarcastic,Sarcastic,Literal,Literal,Sarcastic,Sarcastic,Literal,Literal,Sarcastic,Sarcastic,Literal,Literal,Sarcastic,Sarcastic,Literal,Literal,Sarcastic,Sarcastic,Literal,Literal,Sarcastic,Sarcastic,Literal,Literal,Sarcastic,Sarcastic,Literal,Literal,Sarcastic,25,No,Yes,Yes,No,Yes,Yes,Yes,No,Yes,Yes,Yes,Yes,No,Yes,Yes,Yes,Yes,Yes,No,Yes,Yes,No,Yes,Yes,Yes,No,Yes,Yes,Yes,No,Yes,Yes,No,Yes,No,No,Yes,Yes,Yes,No,Yes,Yes,No,Yes,No,No,Yes,Yes,Yes,Yes,No,No,Yes,Yes,Yes,Yes,No,No,Yes,No,No,Yes,Yes,59
1803,p65,3,1,19,Female,White or Caucasian,Currently enrolled in college,No,,2 - 3 times per week,Never,More than 5 times per week,Once or twice a month,More than 5 times per week,More than 5 times per week,4-5 times per week,Once or twice a month,More than 5 times  per week,2 - 3 times per week,4-5 times per week,More than 5 times  per week,Somewhat Disagree,Somewhat agree,Neither agree or disagree,Definitely Disagree,Sarcastic,Sarcastic,Literal,Literal,Sarcastic,Sarcastic,Literal,Literal,Sarcastic,Sarcastic,Literal,Literal,Literal,Sarcastic,Literal,Literal,Sarcastic,Literal,Literal,Literal,Sarcastic,Sarcastic,Literal,Literal,Sarcastic,Sarcastic,Literal,Literal,Literal,Sarcastic,Yes,Yes,Yes,Yes,Yes,Yes,Yes,No,No,Yes,Yes,Yes,Yes,No,Yes,Yes,No,Yes,Yes,No,Yes,Yes,Yes,Yes,Yes,Yes,Yes,No,Yes,No,No,Yes,No,No,No,Yes,Yes,Yes,Yes,Yes,No,Yes,Yes,Yes,Yes,No,Yes,Yes,Yes,Yes,Yes,No,Yes,Yes,Yes,Yes,Yes,Yes,Yes,No,No,No,Yes,Strongly disagree,Somewhat Disagree,Somewhat Agree,Definitely Disagree,Somewhat Disagree,Definitely Agree,Definitely Disagree,Somewhat Agree,1,Somewhat Disagree,Definitely Disagree,Somewhat Agree,Somewhat Disagree,Definitely Disagree,Definitely Disagree,2,Somewhat Disagree,Somewhat Disagree,Neither Agree nor Disagree,Definitely Agree,Somewhat Disagree,Somewhat Disagree,Definitely Disagree,1,Somewhat Disagree,Somewhat Disagree,Somewhat Disagree,Definitely Disagree,2,Definitely Disagree,Somewhat Disagree,Somewhat Agree,Somewhat Agree,Somewhat Disagree,Somewhat Agree,Somewhat Agree,Definitely Disagree,Definitely Disagree,Definitely Disagree,Definitely Disagree,Definitely Disagree,Definitely Disagree,Definitely Disagree,Yes,Turkish and French,No,4,5 (Native),3,NA,Turkish is my primary language. I have been learning English since primary school and I learned French in high school.,"Except my mother, the other member of my family knows English. My friends also know English and my high school friends also know French.",I use Turkish and English the most. But I am taking a class taught in French so I use French even though not much.,18,41,19,22,10,88,14,13,9,18,17,17,Sarcastic,Sarcastic,Literal,Literal,Sarcastic,Sarcastic,Literal,Literal,Sarcastic,Sarcastic,Literal,Literal,Sarcastic,Sarcastic,Literal,Literal,Sarcastic,Sarcastic,Literal,Literal,Sarcastic,Sarcastic,Literal,Literal,Sarcastic,Sarcastic,Literal,Literal,Sarcastic,Sarcastic,27,No,Yes,Yes,No,Yes,Yes,Yes,No,Yes,Yes,Yes,Yes,No,Yes,Yes,Yes,Yes,Yes,No,Yes,Yes,No,Yes,Yes,Yes,No,Yes,Yes,Yes,No,Yes,Yes,No,Yes,No,No,Yes,Yes,Yes,No,Yes,Yes,No,Yes,No,No,Yes,Yes,Yes,Yes,No,No,Yes,Yes,Yes,Yes,No,No,Yes,No,No,Yes,Yes,41
2661,p66,4,1,19,Male,Asian or Pacific Islander,Currently enrolled in college,No,,2 - 3 times per week,1 - 2 times per week,4-5 times per week,More than 5 times per week,More than 5 times per week,More than 5 times per week,More than 5 times  per week,More than 5 times  per week,More than 5 times  per week,More than 5 times  per week,2 - 3 times per week,More than 5 times  per week,Definitely Agree,Somewhat Disagree,Somewhat Disagree,Somewhat Disagree,Sarcastic,Sarcastic,Literal,Sarcastic,Sarcastic,Literal,Literal,Sarcastic,Sarcastic,Sarcastic,Literal,Literal,Sarcastic,Literal,Literal,Literal,Sarcastic,Literal,Sarcastic,Literal,Sarcastic,Literal,Sarcastic,Literal,Sarcastic,Literal,Sarcastic,Literal,Sarcastic,Literal,No,Yes,No,No,No,No,No,No,No,Yes,Yes,Yes,No,No,Yes,Yes,No,Yes,No,Yes,Yes,No,Yes,Yes,Yes,No,No,Yes,Yes,Yes,Yes,No,No,No,No,No,Yes,No,No,No,No,No,No,No,No,No,No,Yes,Yes,Yes,No,No,Yes,Yes,No,No,No,Yes,Yes,No,No,Yes,No,,Neither Agree nor Disagree,Neither Agree nor Disagree,Neither Agree nor Disagree,Neither Agree nor Disagree,Neither Agree nor Disagree,Somewhat Agree,Neither Agree nor Disagree,1,Definitely Agree,Definitely Disagree,Neither Agree nor Disagree,Neither Agree nor Disagree,Neither Agree nor Disagree,Neither Agree nor Disagree,2,Neither Agree nor Disagree,Neither Agree nor Disagree,Definitely Agree,Neither Agree nor Disagree,Neither Agree nor Disagree,Neither Agree nor Disagree,Neither Agree nor Disagree,3,Definitely Agree,Neither Agree nor Disagree,Neither Agree nor Disagree,Neither Agree nor Disagree,3,Neither Agree nor Disagree,Neither Agree nor Disagree,Neither Agree nor Disagree,Neither Agree nor Disagree,Definitely Disagree,Definitely Agree,Definitely Disagree,Somewhat Agree,Neither Agree nor Disagree,Definitely Agree,Neither Agree nor Disagree,Neither Agree nor Disagree,Neither Agree nor Disagree,Neither Agree nor Disagree,Yes,Chinese,No,4,5 (Native),NA,NA,English at 3-4,Yes,Everyday. I use Chinese the most,12,52,24,28,11,129,14,19,24,25,21,26,Sarcastic,Literal,Literal,Sarcastic,Sarcastic,Literal,Literal,Sarcastic,Literal,Sarcastic,Literal,Literal,Sarcastic,Sarcastic,Literal,Literal,Sarcastic,Sarcastic,Literal,Literal,Sarcastic,Sarcastic,Literal,Literal,Sarcastic,Sarcastic,Literal,Literal,Sarcastic,Sarcastic,20,No,Yes,Yes,No,Yes,Yes,Yes,No,Yes,Yes,Yes,Yes,No,Yes,Yes,Yes,Yes,Yes,No,Yes,Yes,No,Yes,Yes,Yes,No,Yes,Yes,Yes,No,Yes,Yes,No,Yes,No,No,Yes,Yes,Yes,No,Yes,Yes,No,Yes,No,No,Yes,Yes,Yes,Yes,No,No,Yes,Yes,Yes,Yes,No,No,Yes,No,No,Yes,Yes,42
